ID,NAME,INCHI,SOURCE,SOURCE_TYPE,ADDITIONAL,SMILES,INCHIKEY,LOCAL_POS,LOCAL_NEG,FORMULA,FIXEDMASS,NETCHARGE,DTXSID,DTXCID,CASRN,PUBCHEMID,INSPECTEDBY
1,"1H-Perfluoro-3,3-bis(trifluoromethyl)hexyne","InChI=1S/C8HF13/c1-2-3(6(13,14)15,7(16,17)18)4(9,10)5(11,12)8(19,20)21/h1H",https://comptox.epa.gov/dashboard,C,NA,C#CC(C(C(C(F)(F)F)(F)F)(F)F)(C(F)(F)F)C(F)(F)F,UEYXJPFQJDFMGD-UHFFFAOYSA-N,0,0,C8HF13,343.9870669,0,DTXSID60893374,DTXCID801323380,261503-44-0,NA,NA
2,Bis(heneicosafluorodecyl)phosphinic acid,"InChI=1S/C20H9F34O2P/c21-5(22,7(25,26)9(29,30)11(33,34)13(37,38)15(41,42)17(45,46)19(49,50)51)1-3-57(55,56)4-2-6(23,24)8(27,28)10(31,32)12(35,36)14(39,40)16(43,44)18(47,48)20(52,53)54/h1-4H2,(H,55,56)",https://comptox.epa.gov/dashboard,C,NA,C(CP(=O)(CCC(C(C(C(C(C(C(C(F)(F)F)(F)F)(F)F)(F)F)(F)F)(F)F)(F)F)(F)F)O)C(C(C(C(C(C(C(C(F)(F)F)(F)F)(F)F)(F)F)(F)F)(F)F)(F)F)(F)F,DEENCVDXCNHHAM-UHFFFAOYSA-N,0,0,C20H9F34O2P,957.9797256,0,DTXSID70881308,DTXCID801022566,52299-27-1,NA,NA
3,Tris(2-(perfluorododecyl)ethyl)phosphate,"InChI=1S/C42H12F75O4P/c43-7(44,10(49,50)13(55,56)16(61,62)19(67,68)22(73,74)25(79,80)28(85,86)31(91,92)34(97,98)37(103,104)40(109,110)111)1-4-119-122(118,120-5-2-8(45,46)11(51,52)14(57,58)17(63,64)20(69,70)23(75,76)26(81,82)29(87,88)32(93,94)35(99,100)38(105,106)41(112,113)114)121-6-3-9(47,48)12(53,54)15(59,60)18(65,66)21(71,72)24(77,78)27(83,84)30(89,90)33(95,96)36(101,102)39(107,108)42(115,116)117/h1-6H2",https://comptox.epa.gov/dashboard,C,NA,C(COP(=O)(OCCC(C(C(C(C(C(C(C(C(C(C(C(F)(F)F)(F)F)(F)F)(F)F)(F)F)(F)F)(F)F)(F)F)(F)F)(F)F)(F)F)(F)F)OCCC(C(C(C(C(C(C(C(C(C(C(C(F)(F)F)(F)F)(F)F)(F)F)(F)F)(F)F)(F)F)(F)F)(F)F)(F)F)(F)F)(F)F)C(C(C(C(C(C(C(C(C(C(C(C(F)(F)F)(F)F)(F)F)(F)F)(F)F)(F)F)(F)F)(F)F)(F)F)(F)F)(F)F)(F)F,JKDZBIHMORMGRL-UHFFFAOYSA-N,0,0,C42H12F75O4P,2035.927562,0,DTXSID50893500,DTXCID901323614,393098-42-5,NA,NA
4,"2-Chloro-2-propenoic acid 3,3,4,4,5,5,6,6,6-nonafluorohexyl ester","InChI=1S/C9H6ClF9O2/c1-4(10)5(20)21-3-2-6(11,12)7(13,14)8(15,16)9(17,18)19/h1-3H2",https://comptox.epa.gov/dashboard,C,NA,C=C(C(=O)OCCC(C(C(C(F)(F)F)(F)F)(F)F)(F)F)Cl,CVMPVWSYSNATQO-UHFFFAOYSA-N,0,0,C9H6ClF9O2,351.9912611,0,DTXSID10893405,DTXCID501323412,701909-41-3,NA,NA
5,"Bicyclo[2.2.1]hept-2-ene, 5,5,6-trifluoro-6-(heptafluoropropoxy)-","InChI=1S/C10H6F10O/c11-6(12)4-1-2-5(3-4)7(6,13)21-10(19,20)8(14,15)9(16,17)18/h1-2,4-5H,3H2",https://comptox.epa.gov/dashboard,C,NA,C1=CC2CC1C(C2(F)OC(C(C(F)(F)F)(F)F)(F)F)(F)F,JZEKVGIWHZEUSP-UHFFFAOYSA-N,0,0,C10H6F10O,332.025897,0,DTXSID40338359,DTXCID50289444,154717-36-9,NA,NA
6,"3,3,4-Trifluoro-4-(heptafluoropropoxy)tricyclo[4.2.1.0~2,5~]non-7-ene","InChI=1S/C12H8F10O/c13-8(14)6-4-1-2-5(3-4)7(6)9(8,15)23-12(21,22)10(16,17)11(18,19)20/h1-2,4-7H,3H2",https://comptox.epa.gov/dashboard,C,NA,C1=CC2CC1C1C2C(C1(F)F)(F)OC(C(C(F)(F)F)(F)F)(F)F,NGEYGRCDNBGSKG-UHFFFAOYSA-N,0,0,C12H8F10O,358.0415471,0,DTXSID00610941,DTXCID50561696,262617-19-6,NA,NA
7,5-(Nonafluorobutyl)bicyclo[2.2.1]hept-2-ene,"InChI=1S/C11H9F9/c12-8(13,7-4-5-1-2-6(7)3-5)9(14,15)10(16,17)11(18,19)20/h1-2,5-7H,3-4H2",https://comptox.epa.gov/dashboard,C,NA,C1=CC2CC1CC2C(C(C(C(F)(F)F)(F)F)(F)F)(F)F,QAIOQFZLAKMXNK-UHFFFAOYSA-N,0,0,C11H9F9,312.0560543,0,DTXSID60554473,DTXCID90505256,118777-97-2,NA,NA
8,3-(Heptafluorobutyryl)camphor,"InChI=1S/C14H15F7O2/c1-10(2)6-4-5-11(10,3)8(22)7(6)9(23)12(15,16)13(17,18)14(19,20)21/h6-7H,4-5H2,1-3H3",https://comptox.epa.gov/dashboard,C,NA,CC1(C)C2CCC1(C)C(=O)C2C(=O)C(C(C(F)(F)F)(F)F)(F)F,PEWOESYEGLBLNR-UHFFFAOYSA-N,0,0,C14H15F7O2,348.0960273,0,NA,NA,NA,NA,NA
9,Perfluorobutylsulfonamide,"InChI=1S/C4H2F9NO2S/c5-1(6,3(9,10)11)2(7,8)4(12,13)17(14,15)16/h(H2,14,15,16)",https://comptox.epa.gov/dashboard,C,NA,C(C(C(F)(F)S(=O)(=O)N)(F)F)(C(F)(F)F)(F)F,FUVKFLJWBHVMHX-UHFFFAOYSA-N,0,0,C4H2F9NO2S,298.9662533,0,DTXSID30880251,DTXCID101021836,30334-69-1,NA,NA
10,"N-(3,4-Dichlorophenyl)-2,2,3,3,4,4,4-heptafluorobutanamide","InChI=1S/C10H4Cl2F7NO/c11-5-2-1-4(3-6(5)12)20-7(21)8(13,14)9(15,16)10(17,18)19/h1-3H,(H,20,21)",https://comptox.epa.gov/dashboard,C,NA,c1cc(c(cc1N=C(C(C(C(F)(F)F)(F)F)(F)F)O)Cl)Cl,INMDAGXEYRBPRG-UHFFFAOYSA-N,0,0,C10H4Cl2F7NO,356.9558166,0,DTXSID20881333,DTXCID501022581,106376-37-8,NA,NA
11,"N-(3,5-Dichlorophenyl)-2,2,3,3,4,4,4-heptafluorobutanamide","InChI=1S/C10H4Cl2F7NO/c11-4-1-5(12)3-6(2-4)20-7(21)8(13,14)9(15,16)10(17,18)19/h1-3H,(H,20,21)",https://comptox.epa.gov/dashboard,C,NA,c1c(cc(cc1Cl)N=C(C(C(C(F)(F)F)(F)F)(F)F)O)Cl,WGNKYUWDFZMCGQ-UHFFFAOYSA-N,0,0,C10H4Cl2F7NO,356.9558166,0,DTXSID80881334,DTXCID201022582,106376-38-9,NA,NA
12,"2-Propenoic acid, 2-methyl-, 2-[[[[5-[[[2-[ethyl[(heptadecafluorooctyl)sulfonyl]amino]ethoxy]carbonyl]amino]-2-methylphenyl]amino]carbonyl]oxy]propyl ester","InChI=1S/C28H28F17N3O8S/c1-6-48(9-10-54-19(50)46-16-8-7-14(4)17(11-16)47-20(51)56-15(5)12-55-18(49)13(2)3)57(52,53)28(44,45)26(39,40)24(35,36)22(31,32)21(29,30)23(33,34)25(37,38)27(41,42)43/h7-8,11,15H,2,6,9-10,12H2,1,3-5H3,(H,46,50)(H,47,51)",https://comptox.epa.gov/dashboard,C,NA,CCN(CCOC(=Nc1ccc(C)c(c1)N=C(O)OC(C)COC(=O)C(=C)C)O)S(=O)(=O)C(C(C(C(C(C(C(C(F)(F)F)(F)F)(F)F)(F)F)(F)F)(F)F)(F)F)(F)F,WUGSPVXFVQZHFC-UHFFFAOYSA-N,0,0,C28H28F17N3O8S,889.1325656,0,DTXSID30880599,DTXCID001021976,68298-72-6,NA,NA
13,"2-Propenoic acid, 2-methyl-, 2-[[[[5-[[[2-[ethyl[(pentadecafluoroheptyl)sulfonyl]amino]ethoxy]carbonyl]amino]-2-methylphenyl]amino]carbonyl]oxy]propyl ester","InChI=1S/C27H28F15N3O8S/c1-6-45(54(49,50)27(41,42)25(36,37)23(32,33)21(28,29)22(30,31)24(34,35)26(38,39)40)9-10-51-19(47)43-16-8-7-14(4)17(11-16)44-20(48)53-15(5)12-52-18(46)13(2)3/h7-8,11,15H,2,6,9-10,12H2,1,3-5H3,(H,43,47)(H,44,48)",https://comptox.epa.gov/dashboard,C,NA,CCN(CCOC(=Nc1ccc(C)c(c1)N=C(O)OC(C)COC(=O)C(=C)C)O)S(=O)(=O)C(C(C(C(C(C(C(F)(F)F)(F)F)(F)F)(F)F)(F)F)(F)F)(F)F,RPJIZRHOCVMSSZ-UHFFFAOYSA-N,0,0,C27H28F15N3O8S,839.1357592,0,DTXSID40880601,DTXCID701021977,68298-73-7,NA,NA
14,"2-Propenoic acid, 2-methyl-, 2-[[[[5-[[[2-[ethyl[(tridecafluorohexyl)sulfonyl]amino]ethoxy]carbonyl]amino]-2-methylphenyl]amino]carbonyl]oxy]propyl ester","InChI=1S/C26H28F13N3O8S/c1-6-42(51(46,47)26(38,39)24(33,34)22(29,30)21(27,28)23(31,32)25(35,36)37)9-10-48-19(44)40-16-8-7-14(4)17(11-16)41-20(45)50-15(5)12-49-18(43)13(2)3/h7-8,11,15H,2,6,9-10,12H2,1,3-5H3,(H,40,44)(H,41,45)",https://comptox.epa.gov/dashboard,C,NA,CCN(CCOC(=Nc1ccc(C)c(c1)N=C(O)OC(C)COC(=O)C(=C)C)O)S(=O)(=O)C(C(C(C(C(C(F)(F)F)(F)F)(F)F)(F)F)(F)F)(F)F,XCLCXQRFYCAXDN-UHFFFAOYSA-N,0,0,C26H28F13N3O8S,789.1389527,0,DTXSID20880604,DTXCID101021979,68298-74-8,NA,NA
15,"2-Propenoic acid, 2-methyl-, 2-[[[[5-[[[2-[ethyl[(undecafluoropentyl)sulfonyl]amino]ethoxy]carbonyl]amino]-2-methylphenyl]amino]carbonyl]oxy]propyl ester","InChI=1S/C25H28F11N3O8S/c1-6-39(48(43,44)25(35,36)23(30,31)21(26,27)22(28,29)24(32,33)34)9-10-45-19(41)37-16-8-7-14(4)17(11-16)38-20(42)47-15(5)12-46-18(40)13(2)3/h7-8,11,15H,2,6,9-10,12H2,1,3-5H3,(H,37,41)(H,38,42)",https://comptox.epa.gov/dashboard,C,NA,CCN(CCOC(=Nc1ccc(C)c(c1)N=C(O)OC(C)COC(=O)C(=C)C)O)S(=O)(=O)C(C(C(C(C(F)(F)F)(F)F)(F)F)(F)F)(F)F,OBPWLOPGKWGMTO-UHFFFAOYSA-N,0,0,C25H28F11N3O8S,739.1421463,0,DTXSID80880605,DTXCID401021980,68298-75-9,NA,NA
16,"2-Propenoic acid, 2-methyl-, 2-[[[[5-[[[2-[ethyl[(nonafluorobutyl)sulfonyl]amino]ethoxy]carbonyl]amino]-2-methylphenyl]amino]carbonyl]oxy]propyl ester","InChI=1S/C24H28F9N3O8S/c1-6-36(45(40,41)24(32,33)22(27,28)21(25,26)23(29,30)31)9-10-42-19(38)34-16-8-7-14(4)17(11-16)35-20(39)44-15(5)12-43-18(37)13(2)3/h7-8,11,15H,2,6,9-10,12H2,1,3-5H3,(H,34,38)(H,35,39)",https://comptox.epa.gov/dashboard,C,NA,CCN(CCOC(=Nc1ccc(C)c(c1)N=C(O)OC(C)COC(=O)C(=C)C)O)S(=O)(=O)C(C(C(C(F)(F)F)(F)F)(F)F)(F)F,ZNHAMOMCVOBRLM-UHFFFAOYSA-N,0,0,C24H28F9N3O8S,689.1453398,0,DTXSID40880606,DTXCID101021981,68298-76-0,NA,NA
17,(2-Carboxylatoethyl)dimethyl(((perfluorododecyl)-2-hydroxypropyl)amino)propylammonium,"InChI=1S/C23H23F25N2O3/c1-2-50(7-4-11(52)53)6-3-5-49-9-10(51)8-12(24,25)13(26,27)14(28,29)15(30,31)16(32,33)17(34,35)18(36,37)19(38,39)20(40,41)21(42,43)22(44,45)23(46,47)48/h10,49,51H,2-9H2,1H3,(H,52,53)",https://comptox.epa.gov/dashboard,C,NA,CCN(CCCNCC(CC(C(C(C(C(C(C(C(C(C(C(C(F)(F)F)(F)F)(F)F)(F)F)(F)F)(F)F)(F)F)(F)F)(F)F)(F)F)(F)F)(F)F)O)CCC(=O)O,ZPJOKRFOGKCNBA-UHFFFAOYSA-N,0,0,C23H23F25N2O3,850.1309481,0,DTXSID80881016,DTXCID601022334,93776-12-6,NA,NA
18,"Bis(1,1,2,2,3,3,4,4,4-nonafluoro-1-butanesulfonyl)imide","InChI=1S/C8HF18NO4S2/c9-1(10,5(17,18)19)3(13,14)7(23,24)32(28,29)27-33(30,31)8(25,26)4(15,16)2(11,12)6(20,21)22/h27H",https://comptox.epa.gov/dashboard,C,NA,C(C(C(F)(F)S(=O)(=O)NS(=O)(=O)C(C(C(C(F)(F)F)(F)F)(F)F)(F)F)(F)F)(C(F)(F)F)(F)F,KZJUHXVCAHXJLR-UHFFFAOYSA-N,0,0,C8HF18NO4S2,580.9059575,0,DTXSID60880426,DTXCID301005006,39847-39-7,NA,NA
19,"3,3,4,4,5,5,6,6,6-nonafluoro-1-nitrohex-1-ene","InChI=1S/C6H2F9NO2/c7-3(8,1-2-16(17)18)4(9,10)5(11,12)6(13,14)15/h1-2H",https://comptox.epa.gov/dashboard,C,NA,C(=CN(=O)=O)C(C(C(C(F)(F)F)(F)F)(F)F)(F)F,BODFJDZXURKORU-UHFFFAOYSA-N,0,0,C6H2F9NO2,290.9941823,0,DTXSID50379713,DTXCID60330739,306935-66-0,NA,NA
20,"1,2,4-Trifluoro-3,5-bis(1,1,1,2,3,3,3-heptafluoropropan-2-yl)-6-nitrobenzene","InChI=1S/C12F17NO2/c13-3-1(7(16,9(18,19)20)10(21,22)23)4(14)5(15)6(30(31)32)2(3)8(17,11(24,25)26)12(27,28)29",https://comptox.epa.gov/dashboard,C,NA,c1(c(c(c(c(c1F)F)N(=O)=O)C(C(F)(F)F)(C(F)(F)F)F)F)C(C(F)(F)F)(C(F)(F)F)F,PVICYOGEJBAIKN-UHFFFAOYSA-N,0,0,C12F17NO2,512.965758,0,DTXSID20896407,DTXCID801325900,20017-51-0,NA,NA
21,"1,4-Dichloro-2-(1,1,2,3,3,3-hexafluoropropoxy)-5-nitrobenzene","InChI=1S/C9H3Cl2F6NO3/c10-3-2-6(4(11)1-5(3)18(19)20)21-9(16,17)7(12)8(13,14)15/h1-2,7H",https://comptox.epa.gov/dashboard,C,NA,c1c(c(cc(c1N(=O)=O)Cl)OC(C(C(F)(F)F)F)(F)F)Cl,WDTRKHSHZIJORU-UHFFFAOYSA-N,0,0,C9H3Cl2F6NO3,356.9394176,0,DTXSID60591520,DTXCID10542284,130841-23-5,NA,NA
22,"1,2,4,5-Tetrafluoro-3-(1,1,1,2,3,3,3-heptafluoropropan-2-yl)-6-nitrobenzene","InChI=1S/C9F11NO2/c10-2-1(7(14,8(15,16)17)9(18,19)20)3(11)5(13)6(4(2)12)21(22)23",https://comptox.epa.gov/dashboard,C,NA,c1(c(c(c(c(c1F)F)N(=O)=O)F)F)C(C(F)(F)F)(C(F)(F)F)F,AIMRZXIGISGIMY-UHFFFAOYSA-N,0,0,C9F11NO2,362.9753387,0,DTXSID40896383,DTXCID701325876,20017-50-9,NA,NA
23,"1H,2H,2H-perfluorooctanal (2,4-dinitrophenyl)hydrazone","InChI=1S/C14H7F13N4O4/c15-9(16,10(17,18)11(19,20)12(21,22)13(23,24)14(25,26)27)3-4-28-29-7-2-1-6(30(32)33)5-8(7)31(34)35/h1-2,5H,3-4H2",https://comptox.epa.gov/dashboard,C,NA,c1cc(c(cc1N(=O)=O)N(=O)=O)N=NCCC(C(C(C(C(C(F)(F)F)(F)F)(F)F)(F)F)(F)F)(F)F,UBMXHZGJQACURD-UHFFFAOYSA-N,0,0,C14H7F13N4O4,542.0259716,0,NA,NA,NA,NA,NA
24,"2,2,3,3,4,4,5,5,5-Nonafluoropentyl 2,5,7-trinitro-9-oxo-9H-fluorene-4-carboxylate","InChI=1S/C19H6F9N3O9/c20-16(21,17(22,23)18(24,25)19(26,27)28)5-40-15(33)10-3-6(29(34)35)1-8-12(10)13-9(14(8)32)2-7(30(36)37)4-11(13)31(38)39/h1-4H,5H2",https://comptox.epa.gov/dashboard,C,NA,c1c(cc(c2c1C(=O)c1cc(cc(c21)N(=O)=O)N(=O)=O)C(=O)OCC(C(C(C(F)(F)F)(F)F)(F)F)(F)F)N(=O)=O,WWFIKWYKKMDAQB-UHFFFAOYSA-N,0,0,C19H6F9N3O9,590.9960328,0,DTXSID40896282,DTXCID501325775,253605-71-9,NA,NA
25,"1-(1,1,1,2,3,3,3-Heptafluoropropan-2-yl)-3,5-dinitrobenzene","InChI=1S/C9H3F7N2O4/c10-7(8(11,12)13,9(14,15)16)4-1-5(17(19)20)3-6(2-4)18(21)22/h1-3H",https://comptox.epa.gov/dashboard,C,NA,c1c(cc(cc1N(=O)=O)N(=O)=O)C(C(F)(F)F)(C(F)(F)F)F,DKVGVNPCZVNONQ-UHFFFAOYSA-N,0,0,C9H3F7N2O4,335.9981041,0,DTXSID80698666,DTXCID20649415,24813-57-8,NA,NA
26,1-Nitro-3-(undecafluoropentyl)benzene,"InChI=1S/C11H4F11NO2/c12-7(13,5-2-1-3-6(4-5)23(24)25)8(14,15)9(16,17)10(18,19)11(20,21)22/h1-4H",https://comptox.epa.gov/dashboard,C,NA,c1cc(cc(c1)N(=O)=O)C(C(C(C(C(F)(F)F)(F)F)(F)F)(F)F)(F)F,UKBIKHOGARYBLY-UHFFFAOYSA-N,0,0,C11H4F11NO2,391.0066388,0,DTXSID10895969,DTXCID001325463,1463530-16-6,NA,NA
27,1-Nitro-3-(nonafluorobutyl)benzene,"InChI=1S/C10H4F9NO2/c11-7(12,5-2-1-3-6(4-5)20(21)22)8(13,14)9(15,16)10(17,18)19/h1-4H",https://comptox.epa.gov/dashboard,C,NA,c1cc(cc(c1)N(=O)=O)C(C(C(C(F)(F)F)(F)F)(F)F)(F)F,XSVUTHPDIIPLTQ-UHFFFAOYSA-N,0,0,C10H4F9NO2,341.0098323,0,DTXSID90895922,DTXCID801325417,2398-76-7,NA,NA
28,"Butanamide, N-(2-bromo-4-nitrophenyl)-2,2,3,3,4,4,4-heptafluoro-","InChI=1S/C10H4BrF7N2O3/c11-5-3-4(20(22)23)1-2-6(5)19-7(21)8(12,13)9(14,15)10(16,17)18/h1-3H,(H,19,21)",https://comptox.epa.gov/dashboard,C,NA,c1cc(c(cc1N(=O)=O)Br)N=C(C(C(C(F)(F)F)(F)F)(F)F)O,LQYYVICTYPJDDJ-UHFFFAOYSA-N,0,0,C10H4BrF7N2O3,411.9293516,0,DTXSID5073797,DTXCID4033213,111189-67-4,NA,NA
29,3-Nitrophenyl heptafluorobutanoate,"InChI=1S/C10H4F7NO4/c11-8(12,9(13,14)10(15,16)17)7(19)22-6-3-1-2-5(4-6)18(20)21/h1-4H",https://comptox.epa.gov/dashboard,C,NA,c1cc(cc(c1)OC(=O)C(C(C(F)(F)F)(F)F)(F)F)N(=O)=O,AVFHBJSMSJZVFE-UHFFFAOYSA-N,0,0,C10H4F7NO4,335.0028551,0,DTXSID30850994,DTXCID40801735,52512-15-9,NA,NA
30,"2,2,3,3,4,4,4-Heptafluoro-1-(4-nitrophenyl)butan-1-one","InChI=1S/C10H4F7NO3/c11-8(12,9(13,14)10(15,16)17)7(19)5-1-3-6(4-2-5)18(20)21/h1-4H",https://comptox.epa.gov/dashboard,C,NA,c1cc(ccc1C(=O)C(C(C(F)(F)F)(F)F)(F)F)N(=O)=O,ZRKXYIFJBYTAAB-UHFFFAOYSA-N,0,0,C10H4F7NO3,319.0079405,0,DTXSID60895979,DTXCID601325473,144459-62-1,NA,NA
31,"1-(1,1,1,2,3,3,3-Heptafluoropropan-2-yl)-4-nitrobenzene","InChI=1S/C9H4F7NO2/c10-7(8(11,12)13,9(14,15)16)5-1-3-6(4-2-5)17(18)19/h1-4H",https://comptox.epa.gov/dashboard,C,NA,c1cc(ccc1C(C(F)(F)F)(C(F)(F)F)F)N(=O)=O,ZNSFRNFHEGRVFR-UHFFFAOYSA-N,0,0,C9H4F7NO2,291.0130259,0,DTXSID70896336,DTXCID801325829,2396-14-7,NA,NA
32,1-Nitro-4-(nonafluorobutyl)benzene,"InChI=1S/C10H4F9NO2/c11-7(12,5-1-3-6(4-2-5)20(21)22)8(13,14)9(15,16)10(17,18)19/h1-4H",https://comptox.epa.gov/dashboard,C,NA,c1cc(ccc1C(C(C(C(F)(F)F)(F)F)(F)F)(F)F)N(=O)=O,VGHCHTBEJCZDFH-UHFFFAOYSA-N,0,0,C10H4F9NO2,341.0098323,0,DTXSID90895725,DTXCID701325238,196932-95-3,NA,NA
33,1-(Heptafluoropropyl)-4-nitrobenzene,"InChI=1S/C9H4F7NO2/c10-7(11,8(12,13)9(14,15)16)5-1-3-6(4-2-5)17(18)19/h1-4H",https://comptox.epa.gov/dashboard,C,NA,c1cc(ccc1C(C(C(F)(F)F)(F)F)(F)F)N(=O)=O,AUJMMOWFPBJGCY-UHFFFAOYSA-N,0,0,C9H4F7NO2,291.0130259,0,DTXSID60895595,DTXCID401325110,1300746-85-3,NA,NA
34,"[N(E),S(S)]-N-(4-nitrophenyl)methyleneperfluorobutanesulfinamide","InChI=1S/C11H5F9N2O3S/c12-8(13,10(16,17)18)9(14,15)11(19,20)26(25)21-5-6-1-3-7(4-2-6)22(23)24/h1-5H",https://comptox.epa.gov/dashboard,C,NA,c1cc(ccc1C=NS(=O)C(C(C(C(F)(F)F)(F)F)(F)F)(F)F)N(=O)=O,GYLVKWUPZMTHBJ-UHFFFAOYSA-N,0,0,C11H5F9N2O3S,415.987717,0,NA,NA,NA,NA,NA
35,"2,2,3,3,4,4,5,5,6,6,7,7,8,8,9,9,9-Heptadecafluoro-N-(4-nitrophenyl)nonanamide","InChI=1S/C15H5F17N2O3/c16-8(17,7(35)33-5-1-3-6(4-2-5)34(36)37)9(18,19)10(20,21)11(22,23)12(24,25)13(26,27)14(28,29)15(30,31)32/h1-4H,(H,33,35)",https://comptox.epa.gov/dashboard,C,NA,c1cc(ccc1NC(=O)C(C(C(C(C(C(C(C(F)(F)F)(F)F)(F)F)(F)F)(F)F)(F)F)(F)F)(F)F)N(=O)=O,CUOUHXHRFRMHRU-UHFFFAOYSA-N,0,0,C15H5F17N2O3,584.0028718,0,DTXSID10896214,DTXCID701325707,164796-46-7,NA,NA
36,"2,2,3,3,4,4,5,5,6,6,7,7,7-Tridecafluoro-N-(4-nitrophenyl)heptanamide","InChI=1S/C13H5F13N2O3/c14-8(15,7(29)27-5-1-3-6(4-2-5)28(30)31)9(16,17)10(18,19)11(20,21)12(22,23)13(24,25)26/h1-4H,(H,27,29)",https://comptox.epa.gov/dashboard,C,NA,c1cc(ccc1NC(=O)C(C(C(C(C(C(F)(F)F)(F)F)(F)F)(F)F)(F)F)(F)F)N(=O)=O,ZVYZWOLDZMWXAQ-UHFFFAOYSA-N,0,0,C13H5F13N2O3,484.0092589,0,DTXSID00896208,DTXCID501325701,164796-44-5,NA,NA
37,"2,2,3,3,4,4,5,5,5-Nonafluoro-N-(4-nitrophenyl)pentanamide","InChI=1S/C11H5F9N2O3/c12-8(13,9(14,15)10(16,17)11(18,19)20)7(23)21-5-1-3-6(4-2-5)22(24)25/h1-4H,(H,21,23)",https://comptox.epa.gov/dashboard,C,NA,c1cc(ccc1NC(=O)C(C(C(C(F)(F)F)(F)F)(F)F)(F)F)N(=O)=O,ODCGSXFIHQYHBY-UHFFFAOYSA-N,0,0,C11H5F9N2O3,384.015646,0,DTXSID90896171,DTXCID701325664,150333-62-3,NA,NA
38,N-(4-Nitrophenyl)perfluorobutanamide,"InChI=1S/C10H5F7N2O3/c11-8(12,9(13,14)10(15,16)17)7(20)18-5-1-3-6(4-2-5)19(21)22/h1-4H,(H,18,20)",https://comptox.epa.gov/dashboard,C,NA,c1cc(ccc1NC(=O)C(C(C(F)(F)F)(F)F)(F)F)N(=O)=O,HQOLLMKLYTYSHA-UHFFFAOYSA-N,0,0,C10H5F7N2O3,334.0188396,0,DTXSID60897039,DTXCID401326475,6/5/3869,NA,NA
39,"N-(2,4-Dinitrophenyl)-2,3,3,3-tetrafluoro-2-(heptafluoropropoxy)propanamide","InChI=1S/C12H4F11N3O6/c13-8(10(16,17)18,32-12(22,23)9(14,15)11(19,20)21)7(27)24-5-2-1-4(25(28)29)3-6(5)26(30)31/h1-3H,(H,24,27)",https://comptox.epa.gov/dashboard,C,NA,c1cc(c(cc1N(=O)=O)N(=O)=O)N=C(C(C(F)(F)F)(F)OC(C(C(F)(F)F)(F)F)(F)F)O,NVOHYTMPHXLVPF-UHFFFAOYSA-N,0,0,C12H4F11N3O6,494.9924453,0,DTXSID30896559,DTXCID401326051,105936-30-9,NA,NA
40,4-Nitrophenyl heptafluorobutanoate,"InChI=1S/C10H4F7NO4/c11-8(12,9(13,14)10(15,16)17)7(19)22-6-3-1-5(2-4-6)18(20)21/h1-4H",https://comptox.epa.gov/dashboard,C,NA,c1cc(ccc1N(=O)=O)OC(=O)C(C(C(F)(F)F)(F)F)(F)F,HEVDQVCIAUCJDV-UHFFFAOYSA-N,0,0,C10H4F7NO4,335.0028551,0,DTXSID00775625,DTXCID90726368,1799-92-4,NA,NA
41,"1-Nitro-4-[(2,2,3,3,4,4,5,5,6,6,6-undecafluorohexyl)oxy]benzene","InChI=1S/C12H6F11NO3/c13-8(14,5-27-7-3-1-6(2-4-7)24(25)26)9(15,16)10(17,18)11(19,20)12(21,22)23/h1-4H,5H2",https://comptox.epa.gov/dashboard,C,NA,c1cc(ccc1N(=O)=O)OCC(C(C(C(C(F)(F)F)(F)F)(F)F)(F)F)(F)F,RGOZNZUAXTXBNG-UHFFFAOYSA-N,0,0,C12H6F11NO3,421.0172035,0,DTXSID10896052,DTXCID701325545,183997-46-8,NA,NA
42,"1-(2,2,3,3,4,4,4-Heptafluorobutoxy)-4-nitrobenzene","InChI=1S/C10H6F7NO3/c11-8(12,9(13,14)10(15,16)17)5-21-7-3-1-6(2-4-7)18(19)20/h1-4H,5H2",https://comptox.epa.gov/dashboard,C,NA,c1cc(ccc1N(=O)=O)OCC(C(C(F)(F)F)(F)F)(F)F,AZABPWAOUQABLY-UHFFFAOYSA-N,0,0,C10H6F7NO3,321.0235906,0,DTXSID20895970,DTXCID701325464,109230-68-4,NA,NA
43,2-(Heptafluoropropyl)-6-nitro-1H-benzimidazole,"InChI=1S/C10H4F7N3O2/c11-8(12,9(13,14)10(15,16)17)7-18-5-2-1-4(20(21)22)3-6(5)19-7/h1-3H,(H,18,19)",https://comptox.epa.gov/dashboard,C,NA,c1cc2c(cc1N(=O)=O)[nH]c(C(C(C(F)(F)F)(F)F)(F)F)n2,IXFBWEUABZKVQQ-UHFFFAOYSA-N,0,0,C10H4F7N3O2,331.0191739,0,DTXSID10896118,DTXCID601325611,6826-38-6,NA,NA
44,"3,3,4,4,5,5,6,6,6-Nonafluoro-1-nitrohex-1-en-2-amine","InChI=1S/C6H3F9N2O2/c7-3(8,2(16)1-17(18)19)4(9,10)5(11,12)6(13,14)15/h16H,1H2",https://comptox.epa.gov/dashboard,C,NA,C(C(=N)C(C(C(C(F)(F)F)(F)F)(F)F)(F)F)N(=O)=O,ZLFGSBKCGQBTKE-UHFFFAOYSA-N,0,0,C6H3F9N2O2,306.0050813,0,NA,NA,NA,NA,NA
45,"1,1,1,2,2,3,3-heptafluoro-5-nitro-4-(nitromethyl)pentane","InChI=1S/C6H5F7N2O4/c7-4(8,5(9,10)6(11,12)13)3(1-14(16)17)2-15(18)19/h3H,1-2H2",https://comptox.epa.gov/dashboard,C,NA,C(C(CN(=O)=O)C(C(C(F)(F)F)(F)F)(F)F)N(=O)=O,PAESHGHUQXDFGZ-UHFFFAOYSA-N,0,0,C6H5F7N2O4,302.0137542,0,DTXSID20296261,DTXCID20247399,355-91-9,NA,NA
46,"3,3,4,4,5,5,6,6,6-Nonafluorohexyl nitrate","InChI=1S/C6H4F9NO3/c7-3(8,1-2-19-16(17)18)4(9,10)5(11,12)6(13,14)15/h1-2H2",https://comptox.epa.gov/dashboard,C,NA,C(CON(=O)=O)C(C(C(C(F)(F)F)(F)F)(F)F)(F)F,JTINRXZCXXXKMA-UHFFFAOYSA-N,0,0,C6H4F9NO3,309.004747,0,DTXSID70188389,DTXCID50110880,34839-44-6,NA,NA
47,"3-[2,2,3,3,4,4-Hexafluoro-4-(heptafluoropropoxy)butanamido]-N,N-dimethylpropan-1-amine N-oxide","InChI=1S/C12H13F13N2O3/c1-27(2,29)5-3-4-26-6(28)7(13,14)8(15,16)11(22,23)30-12(24,25)9(17,18)10(19,20)21/h3-5H2,1-2H3,(H,26,28)",https://comptox.epa.gov/dashboard,C,NA,CN(=O)(C)CCCN=C(C(C(C(F)(F)OC(C(C(F)(F)F)(F)F)(F)F)(F)F)(F)F)O,FNPQQUYBBRHUFI-UHFFFAOYSA-N,0,0,C12H13F13N2O3,480.0718591,0,DTXSID70896553,DTXCID601326045,87112-48-9,NA,NA
48,"3-[(Perfluorobutane-1-sulfonyl)amino]-N,N-dimethylpropan-1-amine N-oxide","InChI=1S/C9H13F9N2O3S/c1-20(2,21)5-3-4-19-24(22,23)9(17,18)7(12,13)6(10,11)8(14,15)16/h19H,3-5H2,1-2H3",https://comptox.epa.gov/dashboard,C,NA,CN(=O)(C)CCCNS(=O)(=O)C(C(C(C(F)(F)F)(F)F)(F)F)(F)F,HQIKMYJOLJOSOX-UHFFFAOYSA-N,0,0,C9H13F9N2O3S,400.0503173,0,DTXSID50893565,DTXCID101323591,178094-76-3,NA,NA
49,"1-Propanaminium, 3-[[4-[(heptadecafluorononyl)oxy]benzoyl]amino]-N,N,N-trimethyl- (9CI)","InChI=1S/C22H21F17N2O2/c1-41(2,3)10-4-9-40-14(42)12-5-7-13(8-6-12)43-22(38,39)21(36,37)20(34,35)19(32,33)18(30,31)17(28,29)15(23,24)11-16(25,26)27/h5-8H,4,9-11H2,1-3H3/p+1",https://comptox.epa.gov/dashboard,C,NA,C[N+](C)(C)CCCN=C(c1ccc(cc1)OC(C(C(C(C(C(C(CC(F)(F)F)(F)F)(F)F)(F)F)(F)F)(F)F)(F)F)(F)F)O,LENDGRWTJNFJQE-UHFFFAOYSA-O,1,0,C22H22F17N2O2,669.1404341,1,DTXSID70897580,DTXCID301326927,59493-71-9,NA,NA
50,Perfluorononane sulfonamido ammonium iodide,"InChI=1S/C15H16F19N2OS/c1-36(2,3)6-4-5-35-38(37)15(33,34)13(28,29)11(24,25)9(20,21)7(16,17)8(18,19)10(22,23)12(26,27)14(30,31)32/h35H,4-6H2,1-3H3/q+1",https://comptox.epa.gov/dashboard,C,NA,C[N+](C)(C)CCCNS(=O)C(C(C(C(C(C(C(C(C(F)(F)F)(F)F)(F)F)(F)F)(F)F)(F)F)(F)F)(F)F)(F)F,IEIYQVSGMNXXNU-UHFFFAOYSA-N,1,0,C15H16F19N2OS,633.0674467,1,DTXSID40893256,DTXCID001323324,69091-20-9,NA,NA
51,"N-(2-Carboxyethyl)-3-[(perfluoro-1-oxononyl)amino]-N,N-dimethyl-1-propanaminium","InChI=1S/C17H17F17N2O3/c1-36(2,7-4-8(37)38)6-3-5-35-9(39)10(18,19)11(20,21)12(22,23)13(24,25)14(26,27)15(28,29)16(30,31)17(32,33)34/h3-7H2,1-2H3,(H-,35,37,38,39)/p+1",https://comptox.epa.gov/dashboard,C,NA,C[N+](C)(CCCN=C(C(C(C(C(C(C(C(C(F)(F)F)(F)F)(F)F)(F)F)(F)F)(F)F)(F)F)(F)F)O)CCC(=O)O,ZGBMFNJIPSRTBS-UHFFFAOYSA-O,1,0,C17H18F17N2O3,621.1040486,1,DTXSID70893340,DTXCID401323302,119131-05-4,NA,NA
52,"1,1,1,3,3,4,4,4-Octafluoro-2-(trifluoromethyl)butan-2-yl 2-methylprop-2-enoate","InChI=1S/C9H5F11O2/c1-3(2)4(21)22-5(7(12,13)14,8(15,16)17)6(10,11)9(18,19)20/h1H2,2H3",https://comptox.epa.gov/dashboard,C,NA,C=C(C)C(=O)OC(C(C(F)(F)F)(F)F)(C(F)(F)F)C(F)(F)F,ZYEKBRZVGPYUIW-UHFFFAOYSA-N,0,0,C9H5F11O2,354.0113898,0,DTXSID40896606,DTXCID701326098,101061-05-6,NA,NA
53,"1,1,1,3,3,3-Hexafluoro-2-(trifluoromethyl)propan-2-yl 2-methylprop-2-enoate","InChI=1S/C8H5F9O2/c1-3(2)4(18)19-5(6(9,10)11,7(12,13)14)8(15,16)17/h1H2,2H3",https://comptox.epa.gov/dashboard,C,NA,C=C(C)C(=O)OC(C(F)(F)F)(C(F)(F)F)C(F)(F)F,JXVINEGBEPHVPO-UHFFFAOYSA-N,0,0,C8H5F9O2,304.0145834,0,DTXSID90896611,DTXCID301326103,17526-97-5,NA,NA
54,"1,1,1,2,3,3,3-Heptafluoropropan-2-yl 2-methylprop-2-enoate","InChI=1S/C7H5F7O2/c1-3(2)4(15)16-5(8,6(9,10)11)7(12,13)14/h1H2,2H3",https://comptox.epa.gov/dashboard,C,NA,C=C(C)C(=O)OC(C(F)(F)F)(C(F)(F)F)F,DAUQEQSACMZHDS-UHFFFAOYSA-N,0,0,C7H5F7O2,254.0177769,0,DTXSID70896619,DTXCID501326111,7459-59-8,NA,NA
55,Pentadecafluoroheptyl 2-methylprop-2-enoate,"InChI=1S/C11H5F15O2/c1-3(2)4(27)28-11(25,26)9(20,21)7(16,17)5(12,13)6(14,15)8(18,19)10(22,23)24/h1H2,2H3",https://comptox.epa.gov/dashboard,C,NA,C=C(C)C(=O)OC(C(C(C(C(C(C(F)(F)F)(F)F)(F)F)(F)F)(F)F)(F)F)(F)F,HEFHMJVNMXDZKE-UHFFFAOYSA-N,0,0,C11H5F15O2,454.0050027,0,DTXSID90624471,DTXCID60575224,96724-20-8,NA,NA
56,Undecafluoropentyl 2-methylprop-2-enoate,"InChI=1S/C9H5F11O2/c1-3(2)4(21)22-9(19,20)7(14,15)5(10,11)6(12,13)8(16,17)18/h1H2,2H3",https://comptox.epa.gov/dashboard,C,NA,C=C(C)C(=O)OC(C(C(C(C(F)(F)F)(F)F)(F)F)(F)F)(F)F,BWIUYRXKEFSAJX-UHFFFAOYSA-N,0,0,C9H5F11O2,354.0113898,0,DTXSID60603314,DTXCID80554071,89004-77-3,NA,NA
57,"2,2,3,3,4,4,5,5,6,6,7,7,8,8,9,9,10,10,11,11-Icosafluoroundecyl methacrylate","InChI=1S/C15H8F20O2/c1-4(2)5(36)37-6(17)8(20,21)10(24,25)12(28,29)14(32,33)15(34,35)13(30,31)11(26,27)9(22,23)7(18,19)3-16/h6H,1,3H2,2H3",https://comptox.epa.gov/dashboard,C,NA,C=C(C)C(=O)OC(C(C(C(C(C(C(C(C(C(CF)(F)F)(F)F)(F)F)(F)F)(F)F)(F)F)(F)F)(F)F)(F)F)F,KDUYSMPJTYKVBA-UHFFFAOYSA-N,0,0,C15H8F20O2,600.0204939,0,DTXSID00880420,DTXCID301021868,41123-44-8,NA,NA
58,"2,2,3,3,4,4,5,5,6,6,7,7,8,8,9,9,10,10,11,11,12,12,13,13,14,14,15,15,16,16,17,17,18,18,19,19,20,20,21,21,21-Hentetracontafluorohenicosyl 2-methylprop-2-enoate","InChI=1S/C25H7F41O2/c1-4(2)5(67)68-3-6(26,27)7(28,29)8(30,31)9(32,33)10(34,35)11(36,37)12(38,39)13(40,41)14(42,43)15(44,45)16(46,47)17(48,49)18(50,51)19(52,53)20(54,55)21(56,57)22(58,59)23(60,61)24(62,63)25(64,65)66/h1,3H2,2H3",https://comptox.epa.gov/dashboard,C,NA,C=C(C)C(=O)OCC(C(C(C(C(C(C(C(C(C(C(C(C(C(C(C(C(C(C(C(F)(F)F)(F)F)(F)F)(F)F)(F)F)(F)F)(F)F)(F)F)(F)F)(F)F)(F)F)(F)F)(F)F)(F)F)(F)F)(F)F)(F)F)(F)F)(F)F)(F)F,QWUFNQYGXMUGOZ-UHFFFAOYSA-N,0,0,C25H7F41O2,1117.979136,0,DTXSID80896605,DTXCID001326097,132405-54-0,NA,NA
59,"2,2,3,3,4,4,5,5,6,6,7,7,8,8,9,9,10,10,11,11,11-Henicosafluoroundecyl methacrylate","InChI=1S/C15H7F21O2/c1-4(2)5(37)38-3-6(16,17)7(18,19)8(20,21)9(22,23)10(24,25)11(26,27)12(28,29)13(30,31)14(32,33)15(34,35)36/h1,3H2,2H3",https://comptox.epa.gov/dashboard,C,NA,C=C(C)C(=O)OCC(C(C(C(C(C(C(C(C(C(F)(F)F)(F)F)(F)F)(F)F)(F)F)(F)F)(F)F)(F)F)(F)F)(F)F,QDIWIWGKFGVURE-UHFFFAOYSA-N,0,0,C15H7F21O2,618.0110721,0,DTXSID40197408,DTXCID10119899,48077-86-7,NA,NA
60,"2,2,3,3,4,4,5,5,6,6,7,7,8,8,9,9,10,10,10-nonadecafluorodecyl 2-methylprop-2-enoate","InChI=1S/C14H7F19O2/c1-4(2)5(34)35-3-6(15,16)7(17,18)8(19,20)9(21,22)10(23,24)11(25,26)12(27,28)13(29,30)14(31,32)33/h1,3H2,2H3",https://comptox.epa.gov/dashboard,C,NA,C=C(C)C(=O)OCC(C(C(C(C(C(C(C(C(F)(F)F)(F)F)(F)F)(F)F)(F)F)(F)F)(F)F)(F)F)(F)F,NSSMHXVPVQADLY-UHFFFAOYSA-N,0,0,C14H7F19O2,568.0142656,0,DTXSID70377690,DTXCID20328718,23069-32-1,NA,NA
61,"2,2,3,3,4,4,5,5,6,6,7,7,8,8,9,9,9-Heptadecafluorononyl methacrylate","InChI=1S/C13H7F17O2/c1-4(2)5(31)32-3-6(14,15)7(16,17)8(18,19)9(20,21)10(22,23)11(24,25)12(26,27)13(28,29)30/h1,3H2,2H3",https://comptox.epa.gov/dashboard,C,NA,C=C(C)C(=O)OCC(C(C(C(C(C(C(C(F)(F)F)(F)F)(F)F)(F)F)(F)F)(F)F)(F)F)(F)F,ZDXYSIRXXGOEEA-UHFFFAOYSA-N,0,0,C13H7F17O2,518.0174592,0,DTXSID80197407,DTXCID50119898,48077-33-4,NA,NA
62,"1H,1H,9H-perfluorononyl methacrylate","InChI=1S/C13H8F16O2/c1-4(2)5(30)31-3-7(16,17)9(20,21)11(24,25)13(28,29)12(26,27)10(22,23)8(18,19)6(14)15/h6H,1,3H2,2H3",https://comptox.epa.gov/dashboard,C,NA,C=C(C)C(=O)OCC(C(C(C(C(C(C(C(F)F)(F)F)(F)F)(F)F)(F)F)(F)F)(F)F)(F)F,XAENZTGUQXVFPQ-UHFFFAOYSA-N,0,0,C13H8F16O2,500.026881,0,DTXSID10171538,DTXCID0094029,1841-46-9,NA,NA
63,"2,2,3,3,4,4,5,5,6,6,7,7,8,8,8-Pentadecafluorooctyl methacrylate","InChI=1S/C12H7F15O2/c1-4(2)5(28)29-3-6(13,14)7(15,16)8(17,18)9(19,20)10(21,22)11(23,24)12(25,26)27/h1,3H2,2H3",https://comptox.epa.gov/dashboard,C,NA,C=C(C)C(=O)OCC(C(C(C(C(C(C(F)(F)F)(F)F)(F)F)(F)F)(F)F)(F)F)(F)F,RUEKTOVLVIXOHT-UHFFFAOYSA-N,0,0,C12H7F15O2,468.0206528,0,DTXSID5063235,DTXCID2039621,3934-23-4,NA,NA
64,(Perfluorohexyl)methyl methacrylate,"InChI=1S/C11H7F13O2/c1-4(2)5(25)26-3-6(12,13)7(14,15)8(16,17)9(18,19)10(20,21)11(22,23)24/h1,3H2,2H3",https://comptox.epa.gov/dashboard,C,NA,C=C(C)C(=O)OCC(C(C(C(C(C(F)(F)F)(F)F)(F)F)(F)F)(F)F)(F)F,OGTUUPXNYCOCKQ-UHFFFAOYSA-N,0,0,C11H7F13O2,418.0238463,0,DTXSID60197405,DTXCID30119896,48076-44-4,NA,NA
65,(6H-Perfluorohexyl)methyl methacrylate,"InChI=1S/C11H8F12O2/c1-4(2)5(24)25-3-7(14,15)9(18,19)11(22,23)10(20,21)8(16,17)6(12)13/h6H,1,3H2,2H3",https://comptox.epa.gov/dashboard,C,NA,C=C(C)C(=O)OCC(C(C(C(C(C(F)F)(F)F)(F)F)(F)F)(F)F)(F)F,YJKHMSPWWGBKTN-UHFFFAOYSA-N,0,0,C11H8F12O2,400.0332681,0,DTXSID70177132,DTXCID8099623,2261-99-6,NA,NA
66,"2,2,3,3,4,4,5,5,6,6,6-Undecafluorohexyl 2-methylprop-2-enoate","InChI=1S/C10H7F11O2/c1-4(2)5(22)23-3-6(11,12)7(13,14)8(15,16)9(17,18)10(19,20)21/h1,3H2,2H3",https://comptox.epa.gov/dashboard,C,NA,C=C(C)C(=O)OCC(C(C(C(C(F)(F)F)(F)F)(F)F)(F)F)(F)F,AMFSMDRXAVOFCS-UHFFFAOYSA-N,0,0,C10H7F11O2,368.0270399,0,DTXSID60895752,DTXCID401325265,13173-36-9,NA,NA
67,"2,2,3,3,4,4,5,5,5-Nonafluoropentyl methacrylate","InChI=1S/C9H7F9O2/c1-4(2)5(19)20-3-6(10,11)7(12,13)8(14,15)9(16,17)18/h1,3H2,2H3",https://comptox.epa.gov/dashboard,C,NA,C=C(C)C(=O)OCC(C(C(C(F)(F)F)(F)F)(F)F)(F)F,XBZLJCYNLZUIGP-UHFFFAOYSA-N,0,0,C9H7F9O2,318.0302334,0,DTXSID20207771,DTXCID70130262,59006-65-4,NA,NA
68,"1H,1H,5H-Perfluoropentyl methacrylate","InChI=1S/C9H8F8O2/c1-4(2)5(18)19-3-7(12,13)9(16,17)8(14,15)6(10)11/h6H,1,3H2,2H3",https://comptox.epa.gov/dashboard,C,NA,C=C(C)C(=O)OCC(C(C(C(F)F)(F)F)(F)F)(F)F,ZNJXRXXJPIFFAO-UHFFFAOYSA-N,0,0,C9H8F8O2,300.0396553,0,DTXSID90880131,DTXCID701021727,355-93-1,NA,NA
69,"2,2,3,3,4,4,4-Heptafluorobutyl methacrylate","InChI=1S/C8H7F7O2/c1-4(2)5(16)17-3-6(9,10)7(11,12)8(13,14)15/h1,3H2,2H3",https://comptox.epa.gov/dashboard,C,NA,C=C(C)C(=O)OCC(C(C(F)(F)F)(F)F)(F)F,VIEHKBXCWMMOOU-UHFFFAOYSA-N,0,0,C8H7F7O2,268.033427,0,DTXSID3065586,DTXCID6034390,13695-31-3,NA,NA
70,"1H,1H,3H-Perfluorobutyl 2-methylacrylate","InChI=1S/C8H8F6O2/c1-4(2)5(15)16-3-7(10,11)6(9)8(12,13)14/h6H,1,3H2,2H3",https://comptox.epa.gov/dashboard,C,NA,C=C(C)C(=O)OCC(C(C(F)(F)F)F)(F)F,DFVPUWGVOPDJTC-UHFFFAOYSA-N,0,0,C8H8F6O2,250.0428488,0,DTXSID80880403,DTXCID301021856,36405-47-7,NA,NA
71,"4,4,5,5,6,7,7,7-Octafluoro-2-hydroxy-6-(trifluoromethyl)heptyl 2-methylprop-2-enoate","InChI=1S/C12H11F11O3/c1-5(2)7(25)26-4-6(24)3-8(13,14)10(16,17)9(15,11(18,19)20)12(21,22)23/h6,24H,1,3-4H2,2H3",https://comptox.epa.gov/dashboard,C,NA,C=C(C)C(=O)OCC(CC(C(C(C(F)(F)F)(C(F)(F)F)F)(F)F)(F)F)O,LZKRGSPBGVICLV-UHFFFAOYSA-N,0,0,C12H11F11O3,412.0532546,0,DTXSID80379882,DTXCID30330908,16083-79-7,NA,NA
72,3-(Perfluoro-5-methylhexyl)-2-hydroxypropyl methacrylate,"InChI=1S/C14H11F15O3/c1-5(2)7(31)32-4-6(30)3-8(15,16)10(18,19)12(22,23)11(20,21)9(17,13(24,25)26)14(27,28)29/h6,30H,1,3-4H2,2H3",https://comptox.epa.gov/dashboard,C,NA,C=C(C)C(=O)OCC(CC(C(C(C(C(C(F)(F)F)(C(F)(F)F)F)(F)F)(F)F)(F)F)(F)F)O,RPDBRTLKDYJCCE-UHFFFAOYSA-N,0,0,C14H11F15O3,512.0468675,0,DTXSID40379904,DTXCID00330930,16083-81-1,NA,NA
73,(Perfluoro-7-methyloctyl)-2-hydroxypropyl 2-methylprop-2-enoate,"InChI=1S/C16H11F19O3/c1-5(2)7(37)38-4-6(36)3-8(17,18)10(20,21)12(24,25)14(28,29)13(26,27)11(22,23)9(19,15(30,31)32)16(33,34)35/h6,36H,1,3-4H2,2H3",https://comptox.epa.gov/dashboard,C,NA,C=C(C)C(=O)OCC(CC(C(C(C(C(C(C(C(F)(F)F)(C(F)(F)F)F)(F)F)(F)F)(F)F)(F)F)(F)F)(F)F)O,WNVNMSONKCMAPU-UHFFFAOYSA-N,0,0,C16H11F19O3,612.0404804,0,DTXSID10379911,DTXCID00896743,88752-37-8,NA,NA
74,"4,4,5,5,6,6,7,7,8,8,9,9,10,10,11,11,11-Heptadecafluoro-2-hydroxyundecyl 2-methylprop-2-enoate","InChI=1S/C15H11F17O3/c1-5(2)7(34)35-4-6(33)3-8(16,17)9(18,19)10(20,21)11(22,23)12(24,25)13(26,27)14(28,29)15(30,31)32/h6,33H,1,3-4H2,2H3",https://comptox.epa.gov/dashboard,C,NA,C=C(C)C(=O)OCC(CC(C(C(C(C(C(C(C(F)(F)F)(F)F)(F)F)(F)F)(F)F)(F)F)(F)F)(F)F)O,DCXZWVLJCYXHDV-UHFFFAOYSA-N,0,0,C15H11F17O3,562.043674,0,DTXSID20380871,DTXCID50331896,93706-76-4,NA,NA
75,"4,4,5,5,6,6,7,7,8,8,9,9,9-Tridecafluoro-2-hydroxynonyl 2-methylprop-2-enoate","InChI=1S/C13H11F13O3/c1-5(2)7(28)29-4-6(27)3-8(14,15)9(16,17)10(18,19)11(20,21)12(22,23)13(24,25)26/h6,27H,1,3-4H2,2H3",https://comptox.epa.gov/dashboard,C,NA,C=C(C)C(=O)OCC(CC(C(C(C(C(C(F)(F)F)(F)F)(F)F)(F)F)(F)F)(F)F)O,QJNMSQFOKUQZBA-UHFFFAOYSA-N,0,0,C13H11F13O3,462.0500611,0,DTXSID20379861,DTXCID30330887,86994-47-0,NA,NA
76,"4,4,5,5,6,6,7,7,7-Nonafluoro-2-hydroxyheptyl 2-methylprop-2-enoate","InChI=1S/C11H11F9O3/c1-5(2)7(22)23-4-6(21)3-8(12,13)9(14,15)10(16,17)11(18,19)20/h6,21H,1,3-4H2,2H3",https://comptox.epa.gov/dashboard,C,NA,C=C(C)C(=O)OCC(CC(C(C(C(F)(F)F)(F)F)(F)F)(F)F)O,BCTGGJURYOEMFV-UHFFFAOYSA-N,0,0,C11H11F9O3,362.0564482,0,DTXSID50381270,DTXCID80332295,36915-03-4,NA,NA
77,(Perfluorocyclohexyl)methyl methacrylate,"InChI=1S/C11H7F11O2/c1-4(2)5(23)24-3-6(12)7(13,14)9(17,18)11(21,22)10(19,20)8(6,15)16/h1,3H2,2H3",https://comptox.epa.gov/dashboard,C,NA,C=C(C)C(=O)OCC1(C(C(C(C(C1(F)F)(F)F)(F)F)(F)F)(F)F)F,DZZAHYHMWKNGLC-UHFFFAOYSA-N,0,0,C11H7F11O2,380.0270399,0,DTXSID00379783,DTXCID50330809,25965-83-7,NA,NA
78,2-(Perfluoro-3-methylbutyl)ethyl methacrylate,"InChI=1S/C11H9F11O2/c1-5(2)6(23)24-4-3-7(12,13)9(15,16)8(14,10(17,18)19)11(20,21)22/h1,3-4H2,2H3",https://comptox.epa.gov/dashboard,C,NA,C=C(C)C(=O)OCCC(C(C(C(F)(F)F)(C(F)(F)F)F)(F)F)(F)F,JTEKNLSWXJADLG-UHFFFAOYSA-N,0,0,C11H9F11O2,382.0426899,0,DTXSID50379879,DTXCID50330905,65195-44-0,NA,NA
79,"3,3,4,4,5,5,6,6,7,7-Decafluorooctyl 2-methylprop-2-enoate","InChI=1S/C12H12F10O2/c1-6(2)7(23)24-5-4-9(15,16)11(19,20)12(21,22)10(17,18)8(3,13)14/h1,4-5H2,2-3H3",https://comptox.epa.gov/dashboard,C,NA,C=C(C)C(=O)OCCC(C(C(C(C(C)(F)F)(F)F)(F)F)(F)F)(F)F,ZLBLHEUUSFNQAN-UHFFFAOYSA-N,0,0,C12H12F10O2,378.0677618,0,DTXSID60881312,DTXCID201022568,61915-92-2,NA,NA
80,(Perfluoro-5-methylhexyl)ethyl 2-methylprop-2-enoate,"InChI=1S/C13H9F15O2/c1-5(2)6(29)30-4-3-7(14,15)9(17,18)11(21,22)10(19,20)8(16,12(23,24)25)13(26,27)28/h1,3-4H2,2H3",https://comptox.epa.gov/dashboard,C,NA,C=C(C)C(=O)OCCC(C(C(C(C(C(F)(F)F)(C(F)(F)F)F)(F)F)(F)F)(F)F)(F)F,SAIYGCOTLRCBJP-UHFFFAOYSA-N,0,0,C13H9F15O2,482.0363028,0,DTXSID60379901,DTXCID70330927,50836-66-3,NA,NA
81,"3,3,4,4,5,5,6,6,7,7,8,8,9,10,10,10-Hexadecafluoro-9-(trifluoromethyl)decyl methacrylate","InChI=1S/C15H9F19O2/c1-5(2)6(35)36-4-3-7(16,17)9(19,20)11(23,24)13(27,28)12(25,26)10(21,22)8(18,14(29,30)31)15(32,33)34/h1,3-4H2,2H3",https://comptox.epa.gov/dashboard,C,NA,C=C(C)C(=O)OCCC(C(C(C(C(C(C(C(F)(F)F)(C(F)(F)F)F)(F)F)(F)F)(F)F)(F)F)(F)F)(F)F,KTPONRIHDUNNPD-UHFFFAOYSA-N,0,0,C15H9F19O2,582.0299157,0,DTXSID60164839,DTXCID3087330,15166-00-4,NA,NA
82,(Perfluoro-9-methyldecyl)ethyl methacrylate,"InChI=1S/C17H9F23O2/c1-5(2)6(41)42-4-3-7(18,19)9(21,22)11(25,26)13(29,30)15(33,34)14(31,32)12(27,28)10(23,24)8(20,16(35,36)37)17(38,39)40/h1,3-4H2,2H3",https://comptox.epa.gov/dashboard,C,NA,C=C(C)C(=O)OCCC(C(C(C(C(C(C(C(C(C(F)(F)F)(C(F)(F)F)F)(F)F)(F)F)(F)F)(F)F)(F)F)(F)F)(F)F)(F)F,PVMWMBHAEVDBQR-UHFFFAOYSA-N,0,0,C17H9F23O2,682.0235286,0,DTXSID80880968,DTXCID501022305,74256-14-7,NA,NA
83,(Perfluoro-11-methyldodecyl)ethyl methacrylate,"InChI=1S/C19H9F27O2/c1-5(2)6(47)48-4-3-7(20,21)9(23,24)11(27,28)13(31,32)15(35,36)17(39,40)16(37,38)14(33,34)12(29,30)10(25,26)8(22,18(41,42)43)19(44,45)46/h1,3-4H2,2H3",https://comptox.epa.gov/dashboard,C,NA,C=C(C)C(=O)OCCC(C(C(C(C(C(C(C(C(C(C(C(F)(F)F)(C(F)(F)F)F)(F)F)(F)F)(F)F)(F)F)(F)F)(F)F)(F)F)(F)F)(F)F)(F)F,NZSKSDOUVOVFHC-UHFFFAOYSA-N,0,0,C19H9F27O2,782.0171415,0,DTXSID40880969,DTXCID201022306,74256-15-8,NA,NA
84,((Perfluoro-13-methyltetradecyl)ethyl) methacrylate,"InChI=1S/C21H9F31O2/c1-5(2)6(53)54-4-3-7(22,23)9(25,26)11(29,30)13(33,34)15(37,38)17(41,42)19(45,46)18(43,44)16(39,40)14(35,36)12(31,32)10(27,28)8(24,20(47,48)49)21(50,51)52/h1,3-4H2,2H3",https://comptox.epa.gov/dashboard,C,NA,C=C(C)C(=O)OCCC(C(C(C(C(C(C(C(C(C(C(C(C(C(F)(F)F)(C(F)(F)F)F)(F)F)(F)F)(F)F)(F)F)(F)F)(F)F)(F)F)(F)F)(F)F)(F)F)(F)F)(F)F,WSPGUHLVXPTGNB-UHFFFAOYSA-N,0,0,C21H9F31O2,882.0107543,0,DTXSID20240840,DTXCID50163331,94158-64-2,NA,NA
85,(Perfluoro-15-methylhexadecyl)ethyl methacrylate,"InChI=1S/C23H9F35O2/c1-5(2)6(59)60-4-3-7(24,25)9(27,28)11(31,32)13(35,36)15(39,40)17(43,44)19(47,48)21(51,52)20(49,50)18(45,46)16(41,42)14(37,38)12(33,34)10(29,30)8(26,22(53,54)55)23(56,57)58/h1,3-4H2,2H3",https://comptox.epa.gov/dashboard,C,NA,C=C(C)C(=O)OCCC(C(C(C(C(C(C(C(C(C(C(C(C(C(C(C(F)(F)F)(C(F)(F)F)F)(F)F)(F)F)(F)F)(F)F)(F)F)(F)F)(F)F)(F)F)(F)F)(F)F)(F)F)(F)F)(F)F)(F)F,BEMICOOQLAQVTK-UHFFFAOYSA-N,0,0,C23H9F35O2,982.0043672,0,DTXSID80240841,DTXCID10163332,94158-65-3,NA,NA
86,"1,H,1H,2H,2H-perfluoroeicosyl methacrylate","InChI=1S/C24H9F37O2/c1-5(2)6(62)63-4-3-7(25,26)8(27,28)9(29,30)10(31,32)11(33,34)12(35,36)13(37,38)14(39,40)15(41,42)16(43,44)17(45,46)18(47,48)19(49,50)20(51,52)21(53,54)22(55,56)23(57,58)24(59,60)61/h1,3-4H2,2H3",https://comptox.epa.gov/dashboard,C,NA,C=C(C)C(=O)OCCC(C(C(C(C(C(C(C(C(C(C(C(C(C(C(C(C(C(F)(F)F)(F)F)(F)F)(F)F)(F)F)(F)F)(F)F)(F)F)(F)F)(F)F)(F)F)(F)F)(F)F)(F)F)(F)F)(F)F)(F)F)(F)F,OWAQRMVKMUUGIA-UHFFFAOYSA-N,0,0,C24H9F37O2,1032.001174,0,DTXSID1070220,DTXCID0044492,65104-66-7,NA,NA
87,(Perfluorohexadecyl)ethyl 2-methyl-2-propenoate,"InChI=1S/C22H9F33O2/c1-5(2)6(56)57-4-3-7(23,24)8(25,26)9(27,28)10(29,30)11(31,32)12(33,34)13(35,36)14(37,38)15(39,40)16(41,42)17(43,44)18(45,46)19(47,48)20(49,50)21(51,52)22(53,54)55/h1,3-4H2,2H3",https://comptox.epa.gov/dashboard,C,NA,C=C(C)C(=O)OCCC(C(C(C(C(C(C(C(C(C(C(C(C(C(C(C(F)(F)F)(F)F)(F)F)(F)F)(F)F)(F)F)(F)F)(F)F)(F)F)(F)F)(F)F)(F)F)(F)F)(F)F)(F)F)(F)F,XLGBPNZHUPJRPB-UHFFFAOYSA-N,0,0,C22H9F33O2,932.0075608,0,DTXSID2069361,DTXCID3042689,59778-97-1,NA,NA
88,(Perfluorotetradecyl)ethyl 2-methyl-2-propenoate,"InChI=1S/C20H9F29O2/c1-5(2)6(50)51-4-3-7(21,22)8(23,24)9(25,26)10(27,28)11(29,30)12(31,32)13(33,34)14(35,36)15(37,38)16(39,40)17(41,42)18(43,44)19(45,46)20(47,48)49/h1,3-4H2,2H3",https://comptox.epa.gov/dashboard,C,NA,C=C(C)C(=O)OCCC(C(C(C(C(C(C(C(C(C(C(C(C(C(F)(F)F)(F)F)(F)F)(F)F)(F)F)(F)F)(F)F)(F)F)(F)F)(F)F)(F)F)(F)F)(F)F)(F)F,KLVRPMUTIRAYBC-UHFFFAOYSA-N,0,0,C20H9F29O2,832.0139479,0,DTXSID4063660,DTXCID6040745,4980-53-4,NA,NA
89,(Perfluorododecyl)ethyl methacrylate,"InChI=1S/C18H9F25O2/c1-5(2)6(44)45-4-3-7(19,20)8(21,22)9(23,24)10(25,26)11(27,28)12(29,30)13(31,32)14(33,34)15(35,36)16(37,38)17(39,40)18(41,42)43/h1,3-4H2,2H3",https://comptox.epa.gov/dashboard,C,NA,C=C(C)C(=O)OCCC(C(C(C(C(C(C(C(C(C(C(C(F)(F)F)(F)F)(F)F)(F)F)(F)F)(F)F)(F)F)(F)F)(F)F)(F)F)(F)F)(F)F,LFEGLDRNIDJMKB-UHFFFAOYSA-N,0,0,C18H9F25O2,732.020335,0,DTXSID1064083,DTXCID8042763,6014-75-1,NA,NA
90,10:2 Fluorotelomer methacrylate,"InChI=1S/C16H9F21O2/c1-5(2)6(38)39-4-3-7(17,18)8(19,20)9(21,22)10(23,24)11(25,26)12(27,28)13(29,30)14(31,32)15(33,34)16(35,36)37/h1,3-4H2,2H3",https://comptox.epa.gov/dashboard,C,NA,C=C(C)C(=O)OCCC(C(C(C(C(C(C(C(C(C(F)(F)F)(F)F)(F)F)(F)F)(F)F)(F)F)(F)F)(F)F)(F)F)(F)F,FQHLOOOXLDQLPF-UHFFFAOYSA-N,0,0,C16H9F21O2,632.0267221,0,DTXSID6062204,DTXCID9036480,2144-54-9,NA,NA
91,8:2 Fluorotelomer methacrylate,"InChI=1S/C14H9F17O2/c1-5(2)6(32)33-4-3-7(15,16)8(17,18)9(19,20)10(21,22)11(23,24)12(25,26)13(27,28)14(29,30)31/h1,3-4H2,2H3",https://comptox.epa.gov/dashboard,C,NA,C=C(C)C(=O)OCCC(C(C(C(C(C(C(C(F)(F)F)(F)F)(F)F)(F)F)(F)F)(F)F)(F)F)(F)F,HBZFBSFGXQBQTB-UHFFFAOYSA-N,0,0,C14H9F17O2,532.0331093,0,DTXSID8062101,DTXCID5036187,1996-88-9,NA,NA
92,6:2 Fluorotelomer methacrylate,"InChI=1S/C12H9F13O2/c1-5(2)6(26)27-4-3-7(13,14)8(15,16)9(17,18)10(19,20)11(21,22)12(23,24)25/h1,3-4H2,2H3",https://comptox.epa.gov/dashboard,C,NA,C=C(C)C(=O)OCCC(C(C(C(C(C(F)(F)F)(F)F)(F)F)(F)F)(F)F)(F)F,CDXFIRXEAJABAZ-UHFFFAOYSA-N,0,0,C12H9F13O2,432.0394964,0,DTXSID3047558,DTXCID1027558,2144-53-8,NA,NA
93,"1H,1H,2H,2H-Perfluorohexyl methacrylate","InChI=1S/C10H9F9O2/c1-5(2)6(20)21-4-3-7(11,12)8(13,14)9(15,16)10(17,18)19/h1,3-4H2,2H3",https://comptox.epa.gov/dashboard,C,NA,C=C(C)C(=O)OCCC(C(C(C(F)(F)F)(F)F)(F)F)(F)F,TYNRPOFACABVSI-UHFFFAOYSA-N,0,0,C10H9F9O2,332.0458835,0,DTXSID8061979,DTXCID3035713,1799-84-4,NA,NA
94,"3,3,4,4,5,5,5-Heptafluoropentyl 2-methylprop-2-enoate","InChI=1S/C9H9F7O2/c1-5(2)6(17)18-4-3-7(10,11)8(12,13)9(14,15)16/h1,3-4H2,2H3",https://comptox.epa.gov/dashboard,C,NA,C=C(C)C(=O)OCCC(C(C(F)(F)F)(F)F)(F)F,VZOWCSFBTSNJKX-UHFFFAOYSA-N,0,0,C9H9F7O2,282.0490771,0,DTXSID80562853,DTXCID40513629,2145-81-5,NA,NA
95,"4,4,5,5,6,6,7,7,8,8,9,9,10,10,11,11,11-Heptadecafluoroundecyl 2-methylprop-2-enoate","InChI=1S/C15H11F17O2/c1-6(2)7(33)34-5-3-4-8(16,17)9(18,19)10(20,21)11(22,23)12(24,25)13(26,27)14(28,29)15(30,31)32/h1,3-5H2,2H3",https://comptox.epa.gov/dashboard,C,NA,C=C(C)C(=O)OCCCC(C(C(C(C(C(C(C(F)(F)F)(F)F)(F)F)(F)F)(F)F)(F)F)(F)F)(F)F,QOIKFYLOUXBJNG-UHFFFAOYSA-N,0,0,C15H11F17O2,546.0487593,0,DTXSID60895914,DTXCID601325409,150625-20-0,NA,NA
96,"4,4,5,5,6,6,7,7,8,8,9,9,9-Tridecafluorononyl 2-methylprop-2-enoate","InChI=1S/C13H11F13O2/c1-6(2)7(27)28-5-3-4-8(14,15)9(16,17)10(18,19)11(20,21)12(22,23)13(24,25)26/h1,3-5H2,2H3",https://comptox.epa.gov/dashboard,C,NA,C=C(C)C(=O)OCCCC(C(C(C(C(C(F)(F)F)(F)F)(F)F)(F)F)(F)F)(F)F,AIIUJTLQIOPZBE-UHFFFAOYSA-N,0,0,C13H11F13O2,446.0551465,0,DTXSID90895740,DTXCID401325253,1228350-17-1,NA,NA
97,"4,4,5,5,6,6,7,7,7-Nonafluoroheptyl 2-methylprop-2-enoate","InChI=1S/C11H11F9O2/c1-6(2)7(21)22-5-3-4-8(12,13)9(14,15)10(16,17)11(18,19)20/h1,3-5H2,2H3",https://comptox.epa.gov/dashboard,C,NA,C=C(C)C(=O)OCCCC(C(C(C(F)(F)F)(F)F)(F)F)(F)F,WOISXUMMZSMYSB-UHFFFAOYSA-N,0,0,C11H11F9O2,346.0615336,0,DTXSID30895648,DTXCID801325162,243842-15-1,NA,NA
98,2-[(2-Methylprop-2-enoyl)oxy]ethyl heptafluorobutanoate,"InChI=1S/C10H9F7O4/c1-5(2)6(18)20-3-4-21-7(19)8(11,12)9(13,14)10(15,16)17/h1,3-4H2,2H3",https://comptox.epa.gov/dashboard,C,NA,C=C(C)C(=O)OCCOC(=O)C(C(C(F)(F)F)(F)F)(F)F,VQOPAPHAKJCJTK-UHFFFAOYSA-N,0,0,C10H9F7O4,326.0389063,0,DTXSID60895737,DTXCID301325250,146615-73-8,NA,NA
99,S-((Perfluoro-5-methylhexyl)ethyl)-2-methylpropenethioate,"InChI=1S/C13H9F15OS/c1-5(2)6(29)30-4-3-7(14,15)9(17,18)11(21,22)10(19,20)8(16,12(23,24)25)13(26,27)28/h1,3-4H2,2H3",https://comptox.epa.gov/dashboard,C,NA,C=C(C)C(=O)SCCC(C(C(C(C(C(F)(F)F)(C(F)(F)F)F)(F)F)(F)F)(F)F)(F)F,LDEYRMSHMYWNMA-UHFFFAOYSA-N,0,0,C13H9F15OS,498.0134592,0,DTXSID3067574,DTXCID5038256,30769-91-6,NA,NA
100,S-((Perfluoro-7-(methyl)octyl)ethyl) thiomethacrylate,"InChI=1S/C15H9F19OS/c1-5(2)6(35)36-4-3-7(16,17)9(19,20)11(23,24)13(27,28)12(25,26)10(21,22)8(18,14(29,30)31)15(32,33)34/h1,3-4H2,2H3",https://comptox.epa.gov/dashboard,C,NA,C=C(C)C(=O)SCCC(C(C(C(C(C(C(C(F)(F)F)(C(F)(F)F)F)(F)F)(F)F)(F)F)(F)F)(F)F)(F)F,LELPCBUDRUDINH-UHFFFAOYSA-N,0,0,C15H9F19OS,598.0070721,0,DTXSID5067394,DTXCID3037830,28506-33-4,NA,NA
101,S-((Perfluoro-9-methyldecyl)ethyl) 2-methyl-2-propenethioate,"InChI=1S/C17H9F23OS/c1-5(2)6(41)42-4-3-7(18,19)9(21,22)11(25,26)13(29,30)15(33,34)14(31,32)12(27,28)10(23,24)8(20,16(35,36)37)17(38,39)40/h1,3-4H2,2H3",https://comptox.epa.gov/dashboard,C,NA,C=C(C)C(=O)SCCC(C(C(C(C(C(C(C(C(C(F)(F)F)(C(F)(F)F)F)(F)F)(F)F)(F)F)(F)F)(F)F)(F)F)(F)F)(F)F,ZBPHBMSKQBHWJR-UHFFFAOYSA-N,0,0,C17H9F23OS,698.000685,0,DTXSID8067573,DTXCID0038255,30769-88-1,NA,NA
102,"3-[(1,1,1,2,3,3,3-Heptafluoropropan-2-yl)oxy]-2-methylprop-1-ene","InChI=1S/C7H7F7O/c1-4(2)3-15-5(8,6(9,10)11)7(12,13)14/h1,3H2,2H3",https://comptox.epa.gov/dashboard,C,NA,C=C(C)COC(C(F)(F)F)(C(F)(F)F)F,VMDVHHXKJFTLTD-UHFFFAOYSA-N,0,0,C7H7F7O,240.0385124,0,DTXSID70617184,DTXCID70567938,38471-83-9,NA,NA
103,N-[(4-Bromophenyl)(perfluorobutyl)-ÃŽÂ»4-sulfanylidene]acetamide,"InChI=1S/C12H7BrF9NOS/c1-6(24)23-25(8-4-2-7(13)3-5-8)12(21,22)10(16,17)9(14,15)11(18,19)20/h2-5H,1H3",https://comptox.epa.gov/dashboard,C,NA,CC(=O)N=S(c1ccc(cc1)Br)C(C(C(C(F)(F)F)(F)F)(F)F)(F)F,ALLMSMRJFZFUBB-UHFFFAOYSA-N,0,0,C12H7BrF9NOS,462.9288009,0,DTXSID90897466,DTXCID901326806,1178899-27-8,NA,NA
104,N-[(Perfluorobutyl)phenyl-lambda4-sulfanylidene]acetamide,"InChI=1S/C12H8F9NOS/c1-7(23)22-24(8-5-3-2-4-6-8)12(20,21)10(15,16)9(13,14)11(17,18)19/h2-6H,1H3",https://comptox.epa.gov/dashboard,C,NA,CC(=O)N=S(c1ccccc1)C(C(C(C(F)(F)F)(F)F)(F)F)(F)F,MAUZJOYMXJCRIB-UHFFFAOYSA-N,0,0,C12H8F9NOS,385.0182889,0,DTXSID60897211,DTXCID801326603,1178899-18-7,NA,NA
105,"3-Acetyl-5,5,6,6,7,7,8,8,8-nonafluorooctane-2,4-dione","InChI=1S/C10H7F9O3/c1-3(20)5(4(2)21)6(22)7(11,12)8(13,14)9(15,16)10(17,18)19/h5H,1-2H3",https://comptox.epa.gov/dashboard,C,NA,CC(=O)C(C(=O)C)C(=O)C(C(C(C(F)(F)F)(F)F)(F)F)(F)F,HVLNFEAJGJQHFN-UHFFFAOYSA-N,0,0,C10H7F9O3,346.0251481,0,DTXSID50895625,DTXCID201325140,120110-91-0,NA,NA
106,"3,3,4,4,5,5,6,6,7,7,8,8,9,9,9-Pentadecafluorononan-2-one","InChI=1S/C9H3F15O/c1-2(25)3(10,11)4(12,13)5(14,15)6(16,17)7(18,19)8(20,21)9(22,23)24/h1H3",https://comptox.epa.gov/dashboard,C,NA,CC(=O)C(C(C(C(C(C(C(F)(F)F)(F)F)(F)F)(F)F)(F)F)(F)F)(F)F,LFMZSQGESVNRLL-UHFFFAOYSA-N,0,0,C9H3F15O,411.994438,0,DTXSID50504109,DTXCID10454919,754-85-8,NA,NA
107,"3,3,4,4,5,5,6,6,7,7,8,8,8-Tridecafluorooctan-2-one","InChI=1S/C8H3F13O/c1-2(22)3(9,10)4(11,12)5(13,14)6(15,16)7(17,18)8(19,20)21/h1H3",https://comptox.epa.gov/dashboard,C,NA,CC(=O)C(C(C(C(C(C(F)(F)F)(F)F)(F)F)(F)F)(F)F)(F)F,IWJCXMJWFQQWED-UHFFFAOYSA-N,0,0,C8H3F13O,361.9976316,0,DTXSID80895471,DTXCID101324987,80793-21-1,NA,NA
108,Methyl perfluoropentyl ketone,"InChI=1S/C7H3F11O/c1-2(19)3(8,9)4(10,11)5(12,13)6(14,15)7(16,17)18/h1H3",https://comptox.epa.gov/dashboard,C,NA,CC(=O)C(C(C(C(C(F)(F)F)(F)F)(F)F)(F)F)(F)F,HWGNOHFZECDUBX-UHFFFAOYSA-N,0,0,C7H3F11O,312.0008251,0,DTXSID00578936,DTXCID20529703,7/8/2708,NA,NA
109,Methyl perfluorobutyl ketone,"InChI=1S/C6H3F9O/c1-2(16)3(7,8)4(9,10)5(11,12)6(13,14)15/h1H3",https://comptox.epa.gov/dashboard,C,NA,CC(=O)C(C(C(C(F)(F)F)(F)F)(F)F)(F)F,LPPFRPMJUNOKRS-UHFFFAOYSA-N,0,0,C6H3F9O,262.0040187,0,DTXSID90379555,DTXCID50330581,678-18-2,NA,NA
110,Methyl heptafluoropropylketone,"InChI=1S/C5H3F7O/c1-2(13)3(6,7)4(8,9)5(10,11)12/h1H3",https://comptox.epa.gov/dashboard,C,NA,CC(=O)C(C(C(F)(F)F)(F)F)(F)F,XJYXROGTQYHLTH-UHFFFAOYSA-N,0,0,C5H3F7O,212.0072123,0,DTXSID00188993,DTXCID60111484,355-17-9,NA,NA
111,"3,4,5,5,6,6,7,7,8,8,9,9,10,10,10-Pentadecafluorodec-3-en-2-one","InChI=1S/C10H3F15O/c1-2(26)3(11)4(12)5(13,14)6(15,16)7(17,18)8(19,20)9(21,22)10(23,24)25/h1H3",https://comptox.epa.gov/dashboard,C,NA,CC(=O)C(=C(C(C(C(C(C(C(F)(F)F)(F)F)(F)F)(F)F)(F)F)(F)F)F)F,GASXCMFGMORIFO-UHFFFAOYSA-N,0,0,C10H3F15O,423.994438,0,DTXSID20758051,DTXCID40708795,92604-91-6,NA,NA
112,"(3Z)-4,5,5,6,6,7,7,8,8,9,9,10,10,11,11,11-Hexadecafluoroundec-3-en-2-one","InChI=1S/C11H4F16O/c1-3(28)2-4(12)5(13,14)6(15,16)7(17,18)8(19,20)9(21,22)10(23,24)11(25,26)27/h2H,1H3",https://comptox.epa.gov/dashboard,C,NA,CC(=O)C=C(C(C(C(C(C(C(C(F)(F)F)(F)F)(F)F)(F)F)(F)F)(F)F)(F)F)F,FGWAKQKTCXBUER-UHFFFAOYSA-N,0,0,C11H4F16O,456.0006663,0,NA,NA,NA,NA,NA
113,"1-[4-(1,1,1,2,3,3,3-Heptafluoropropan-2-yl)phenyl]ethan-1-one","InChI=1S/C11H7F7O/c1-6(19)7-2-4-8(5-3-7)9(12,10(13,14)15)11(16,17)18/h2-5H,1H3",https://comptox.epa.gov/dashboard,C,NA,CC(=O)c1ccc(cc1)C(C(F)(F)F)(C(F)(F)F)F,HJVLSXWSPYGSIV-UHFFFAOYSA-N,0,0,C11H7F7O,288.0385124,0,DTXSID10896330,DTXCID601325823,353273-22-0,NA,NA
114,1-[4-(Heptafluoropropyl)-1H-pyrrol-3-yl]ethan-1-one,"InChI=1S/C9H6F7NO/c1-4(18)5-2-17-3-6(5)7(10,11)8(12,13)9(14,15)16/h2-3,17H,1H3",https://comptox.epa.gov/dashboard,C,NA,CC(=O)c1c[nH]cc1C(C(C(F)(F)F)(F)F)(F)F,BWOZUJHCNZSSLZ-UHFFFAOYSA-N,0,0,C9H6F7NO,277.0337614,0,DTXSID60557803,DTXCID90508585,121103-97-7,NA,NA
115,"4-Amino-5,5,6,6,7,7,7-heptafluorohept-3-en-2-one","InChI=1S/C7H6F7NO/c1-3(16)2-4(15)5(8,9)6(10,11)7(12,13)14/h15H,2H2,1H3",https://comptox.epa.gov/dashboard,C,NA,CC(=O)CC(=N)C(C(C(F)(F)F)(F)F)(F)F,DWUMJZXYFAYWQF-UHFFFAOYSA-N,0,0,C7H6F7NO,253.0337614,0,NA,NA,NA,NA,NA
116,"5,5,6,6,7,7,8,8,9,9,10,10,11,11,12,12,12-Heptadecafluorododecane-2,4-dione","InChI=1S/C12H5F17O2/c1-3(30)2-4(31)5(13,14)6(15,16)7(17,18)8(19,20)9(21,22)10(23,24)11(25,26)12(27,28)29/h2H2,1H3",https://comptox.epa.gov/dashboard,C,NA,CC(=O)CC(=O)C(C(C(C(C(C(C(C(F)(F)F)(F)F)(F)F)(F)F)(F)F)(F)F)(F)F)(F)F,LOPUACNVJXKLKA-UHFFFAOYSA-N,0,0,C12H5F17O2,504.0018091,0,DTXSID20895672,DTXCID101325185,203201-14-3,NA,NA
117,(Perfluoroheptanoyl)acetone,"InChI=1S/C10H5F13O2/c1-3(24)2-4(25)5(11,12)6(13,14)7(15,16)8(17,18)9(19,20)10(21,22)23/h2H2,1H3",https://comptox.epa.gov/dashboard,C,NA,CC(=O)CC(=O)C(C(C(C(C(C(F)(F)F)(F)F)(F)F)(F)F)(F)F)(F)F,VMRLNPHYYNLINM-UHFFFAOYSA-N,0,0,C10H5F13O2,404.0081963,0,DTXSID90382069,DTXCID70333094,82822-26-2,NA,NA
118,"5,5,6,6,7,7,8,8,9,9,9-Undecafluorononane-2,4-dione","InChI=1S/C9H5F11O2/c1-3(21)2-4(22)5(10,11)6(12,13)7(14,15)8(16,17)9(18,19)20/h2H2,1H3",https://comptox.epa.gov/dashboard,C,NA,CC(=O)CC(=O)C(C(C(C(C(F)(F)F)(F)F)(F)F)(F)F)(F)F,YKIGIKLABXBCDX-UHFFFAOYSA-N,0,0,C9H5F11O2,354.0113898,0,DTXSID90504108,DTXCID50454918,75824-01-0,NA,NA
119,"(Perfluoro-1-butyl)butane-1,3-dione","InChI=1S/C8H5F9O2/c1-3(18)2-4(19)5(9,10)6(11,12)7(13,14)8(15,16)17/h2H2,1H3",https://comptox.epa.gov/dashboard,C,NA,CC(=O)CC(=O)C(C(C(C(F)(F)F)(F)F)(F)F)(F)F,NQPVZXRGQCXFLN-UHFFFAOYSA-N,0,0,C8H5F9O2,304.0145834,0,DTXSID70379715,DTXCID30330741,355-84-0,NA,NA
120,"5,5,6,6,7,7,7-heptafluoroheptane-2,4-dione","InChI=1S/C7H5F7O2/c1-3(15)2-4(16)5(8,9)6(10,11)7(12,13)14/h2H2,1H3",https://comptox.epa.gov/dashboard,C,NA,CC(=O)CC(=O)C(C(C(F)(F)F)(F)F)(F)F,QHBCZMRCKGKVSR-UHFFFAOYSA-N,0,0,C7H5F7O2,254.0177769,0,DTXSID40379267,DTXCID00330293,356-30-9,NA,NA
121,"5,6,6,6-Tetrafluoro-5-(heptafluoropropoxy)hexane-2,4-dione","InChI=1S/C9H5F11O3/c1-3(21)2-4(22)5(10,7(13,14)15)23-9(19,20)6(11,12)8(16,17)18/h2H2,1H3",https://comptox.epa.gov/dashboard,C,NA,CC(=O)CC(=O)C(C(F)(F)F)(F)OC(C(C(F)(F)F)(F)F)(F)F,WKZWQTGKGJHUHH-UHFFFAOYSA-N,0,0,C9H5F11O3,370.0063044,0,DTXSID70896513,DTXCID201326005,261760-03-6,NA,NA
122,"4,4,5,5,6,6,7,7,8,8,9,9,9-tridecafluorononan-2-one","InChI=1S/C9H5F13O/c1-3(23)2-4(10,11)5(12,13)6(14,15)7(16,17)8(18,19)9(20,21)22/h2H2,1H3",https://comptox.epa.gov/dashboard,C,NA,CC(=O)CC(C(C(C(C(C(F)(F)F)(F)F)(F)F)(F)F)(F)F)(F)F,RRFHTSQSIQEIHY-UHFFFAOYSA-N,0,0,C9H5F13O,376.0132816,0,DTXSID40379924,DTXCID00330950,77893-60-8,NA,NA
123,"4,4,5,5,6,6,7,7,7-Nonafluoroheptan-2-one","InChI=1S/C7H5F9O/c1-3(17)2-4(8,9)5(10,11)6(12,13)7(14,15)16/h2H2,1H3",https://comptox.epa.gov/dashboard,C,NA,CC(=O)CC(C(C(C(F)(F)F)(F)F)(F)F)(F)F,YBLYWKGTXUNAOC-UHFFFAOYSA-N,0,0,C7H5F9O,276.0196688,0,DTXSID90516569,DTXCID40467375,86358-19-2,NA,NA
124,3-(Perfluoropropyl)-2-propanone,"InChI=1S/C6H5F7O/c1-3(14)2-4(7,8)5(9,10)6(11,12)13/h2H2,1H3",https://comptox.epa.gov/dashboard,C,NA,CC(=O)CC(C(C(F)(F)F)(F)F)(F)F,HXAYZDVVQAKLDA-UHFFFAOYSA-N,0,0,C6H5F7O,226.0228623,0,DTXSID80382139,DTXCID60333164,136909-72-3,NA,NA
125,"32-(Perfluoro-9-methyldecyl)-2,5,8,11,14,17,20,23,26,29-decaoxodotriacontan-31-ol","InChI=1S/C43H45F23O11/c1-22(67)2-3-23(68)4-5-24(69)6-7-25(70)8-9-26(71)10-11-27(72)12-13-28(73)14-15-29(74)16-17-30(75)18-19-31(76)20-32(77)21-33(44,45)35(47,48)37(51,52)39(55,56)41(59,60)40(57,58)38(53,54)36(49,50)34(46,42(61,62)63)43(64,65)66/h32,77H,2-21H2,1H3",https://comptox.epa.gov/dashboard,C,NA,CC(=O)CCC(=O)CCC(=O)CCC(=O)CCC(=O)CCC(=O)CCC(=O)CCC(=O)CCC(=O)CCC(=O)CC(CC(C(C(C(C(C(C(C(C(C(F)(F)F)(C(F)(F)F)F)(F)F)(F)F)(F)F)(F)F)(F)F)(F)F)(F)F)(F)F)O,NFDIWGSYOGEYNO-UHFFFAOYSA-N,0,0,C43H45F23O11,1174.259461,0,DTXSID90881027,DTXCID901022345,93776-10-4,NA,NA
126,"5,5,6,6,7,7,8,8,9,9,10,10,11,11,12,12,12-Heptadecafluorododecan-2-one","InChI=1S/C12H7F17O/c1-4(30)2-3-5(13,14)6(15,16)7(17,18)8(19,20)9(21,22)10(23,24)11(25,26)12(27,28)29/h2-3H2,1H3",https://comptox.epa.gov/dashboard,C,NA,CC(=O)CCC(C(C(C(C(C(C(C(F)(F)F)(F)F)(F)F)(F)F)(F)F)(F)F)(F)F)(F)F,YODYACHGCKMUMD-UHFFFAOYSA-N,0,0,C12H7F17O,490.0225446,0,DTXSID20895536,DTXCID001325051,82486-22-4,NA,NA
127,4-(Perfluorobutyl)-2-butanone,"InChI=1S/C8H7F9O/c1-4(18)2-3-5(9,10)6(11,12)7(13,14)8(15,16)17/h2-3H2,1H3",https://comptox.epa.gov/dashboard,C,NA,CC(=O)CCC(C(C(C(F)(F)F)(F)F)(F)F)(F)F,QSFHSDZDCSCCGQ-UHFFFAOYSA-N,0,0,C8H7F9O,290.0353188,0,DTXSID20577986,DTXCID80528757,140834-64-6,NA,NA
128,Pyrifluquinazon,"InChI=1S/C19H15F7N4O2/c1-11(31)30-15-5-4-14(17(20,18(21,22)23)19(24,25)26)7-13(15)10-29(16(30)32)28-9-12-3-2-6-27-8-12/h2-8,28H,9-10H2,1H3",https://comptox.epa.gov/dashboard,C,NA,CC(=O)N1c2ccc(cc2CN(C1=O)NCc1cccnc1)C(C(F)(F)F)(C(F)(F)F)F,MIOBBYRMXGNORL-UHFFFAOYSA-N,0,0,C19H15F7N4O2,464.1083233,0,DTXSID6058057,DTXCID2031825,337458-27-2,NA,NA
129,"1-[3-Methylidene-4-(2,2,3,3,4,4,5,5,5-nonafluoropentyl)pyrrolidin-1-yl]ethan-1-one","InChI=1S/C12H12F9NO/c1-6-4-22(7(2)23)5-8(6)3-9(13,14)10(15,16)11(17,18)12(19,20)21/h8H,1,3-5H2,2H3",https://comptox.epa.gov/dashboard,C,NA,C=C1CN(CC1CC(C(C(C(F)(F)F)(F)F)(F)F)(F)F)C(=O)C,CFZPILZXWJKGJJ-UHFFFAOYSA-N,0,0,C12H12F9NO,357.077518,0,DTXSID90370986,DTXCID30322020,31164-13-3,NA,NA
130,"1-Acetyl-3,5-bis(perfluorohexyl)pyrazole","InChI=1S/C17H4F26N2O/c1-3(46)45-5(7(20,21)9(24,25)11(28,29)13(32,33)15(36,37)17(41,42)43)2-4(44-45)6(18,19)8(22,23)10(26,27)12(30,31)14(34,35)16(38,39)40/h2H,1H3",https://comptox.epa.gov/dashboard,C,NA,CC(=O)n1c(cc(C(C(C(C(C(C(F)(F)F)(F)F)(F)F)(F)F)(F)F)(F)F)n1)C(C(C(C(C(C(F)(F)F)(F)F)(F)F)(F)F)(F)F)(F)F,IQHPIVLECIKIGS-UHFFFAOYSA-N,0,0,C17H4F26N2O,745.9908465,0,DTXSID60370978,DTXCID00322012,231953-34-7,NA,NA
131,"N,N'-(5-{[1,1,1,4,5,5,5-Heptafluoro-3-(1,1,1,2,3,3,3-heptafluoropropan-2-yl)-4-(trifluoromethyl)pent-2-en-2-yl]oxy}-1,3-phenylene)diacetamide","InChI=1S/C19H11F17N2O3/c1-6(39)37-8-3-9(38-7(2)40)5-10(4-8)41-12(15(22,23)24)11(13(20,16(25,26)27)17(28,29)30)14(21,18(31,32)33)19(34,35)36/h3-5H,1-2H3,(H,37,39)(H,38,40)",https://comptox.epa.gov/dashboard,C,NA,CC(=Nc1cc(cc(c1)OC(=C(C(C(F)(F)F)(C(F)(F)F)F)C(C(F)(F)F)(C(F)(F)F)F)C(F)(F)F)N=C(C)O)O,NPGWPCYQBUMSNZ-UHFFFAOYSA-N,0,0,C19H11F17N2O3,638.049822,0,DTXSID20896745,DTXCID601326233,150225-65-3,NA,NA
132,N-[4-(Heptafluoropropyl)phenyl]acetamide,"InChI=1S/C11H8F7NO/c1-6(20)19-8-4-2-7(3-5-8)9(12,13)10(14,15)11(16,17)18/h2-5H,1H3,(H,19,20)",https://comptox.epa.gov/dashboard,C,NA,CC(=Nc1ccc(cc1)C(C(C(F)(F)F)(F)F)(F)F)O,DGTLBPOBSFXXAK-UHFFFAOYSA-N,0,0,C11H8F7NO,303.0494114,0,DTXSID30895946,DTXCID701325440,199530-73-9,NA,NA
133,4-Acetamidophenyl nonafluorobutane-1-sulfonate,"InChI=1S/C12H8F9NO4S/c1-6(23)22-7-2-4-8(5-3-7)26-27(24,25)12(20,21)10(15,16)9(13,14)11(17,18)19/h2-5H,1H3,(H,22,23)",https://comptox.epa.gov/dashboard,C,NA,CC(=Nc1ccc(cc1)OS(=O)(=O)C(C(C(C(F)(F)F)(F)F)(F)F)(F)F)O,XKJVCVNWVBTHFU-UHFFFAOYSA-N,0,0,C12H8F9NO4S,433.0030327,0,DTXSID80896221,DTXCID201325714,41605-57-6,NA,NA
134,4-Acetamido-3-chlorophenyl nonafluorobutane-1-sulfonate,"InChI=1S/C12H7ClF9NO4S/c1-5(24)23-8-3-2-6(4-7(8)13)27-28(25,26)12(21,22)10(16,17)9(14,15)11(18,19)20/h2-4H,1H3,(H,23,24)",https://comptox.epa.gov/dashboard,C,NA,CC(=Nc1ccc(cc1Cl)OS(=O)(=O)C(C(C(C(F)(F)F)(F)F)(F)F)(F)F)O,OSNHQRSDSSUDCW-UHFFFAOYSA-N,0,0,C12H7ClF9NO4S,466.9640604,0,DTXSID00896263,DTXCID001325756,1428370-26-6,NA,NA
135,N-[8-(Heptafluoropropyl)-9H-purin-6-yl]acetamide,"InChI=1S/C10H6F7N5O/c1-3(23)20-5-4-6(19-2-18-5)22-7(21-4)8(11,12)9(13,14)10(15,16)17/h2H,1H3,(H2,18,19,20,21,22,23)",https://comptox.epa.gov/dashboard,C,NA,CC(=Nc1c2c(ncn1)[nH]c(C(C(C(F)(F)F)(F)F)(F)F)n2)O,MHGACOGUAGEXMU-UHFFFAOYSA-N,0,0,C10H6F7N5O,345.0460574,0,DTXSID50896218,DTXCID101325711,147916-78-7,NA,NA
136,"N-[5-(Heptafluoropropyl)-1,3,4-thiadiazol-2-yl]acetamide","InChI=1S/C7H4F7N3OS/c1-2(18)15-4-17-16-3(19-4)5(8,9)6(10,11)7(12,13)14/h1H3,(H,15,17,18)",https://comptox.epa.gov/dashboard,C,NA,CC(=Nc1nnc(C(C(C(F)(F)F)(F)F)(F)F)s1)O,UZHFMCLWCHAURR-UHFFFAOYSA-N,0,0,C7H4F7N3OS,310.9963303,0,DTXSID50896192,DTXCID601325685,356795-59-0,NA,NA
137,"N-{4-[(1,1,2,2,3,3,4,4,4-Nonafluorobutane-1-sulfonyl)amino]benzene-1-sulfonyl}acetamide","InChI=1S/C12H9F9N2O5S2/c1-6(24)22-29(25,26)8-4-2-7(3-5-8)23-30(27,28)12(20,21)10(15,16)9(13,14)11(17,18)19/h2-5,23H,1H3,(H,22,24)",https://comptox.epa.gov/dashboard,C,NA,CC(=NS(=O)(=O)c1ccc(cc1)NS(=O)(=O)C(C(C(C(F)(F)F)(F)F)(F)F)(F)F)O,IIGNRGIDQZSRJU-UHFFFAOYSA-N,0,0,C12H9F9N2O5S2,495.9809174,0,DTXSID40896267,DTXCID401325760,320599-24-4,NA,NA
138,"Iodine, bis(acetato-ÃŽÂ²O)[4-(3,3,4,4,5,5,6,6,7,7,8,8,9,9,10,10,10-heptadecafluorodecyl)phenyl]- (9CI)","InChI=1S/C20H14F17IO4/c1-9(39)41-38(42-10(2)40)12-5-3-11(4-6-12)7-8-13(21,22)14(23,24)15(25,26)16(27,28)17(29,30)18(31,32)19(33,34)20(35,36)37/h3-6H,7-8H2,1-2H3",https://comptox.epa.gov/dashboard,C,NA,CC(=O)O[I](c1ccc(cc1)CCC(C(C(C(C(C(C(C(F)(F)F)(F)F)(F)F)(F)F)(F)F)(F)F)(F)F)(F)F)OC(=O)C,YHQLCCOIFRKRJC-UHFFFAOYSA-N,0,0,C20H14F17IO4,767.9665367,0,DTXSID30897046,DTXCID901326482,882186-02-9,NA,NA
139,"4,4,5,5,6,6,6-Heptafluorohex-1-en-2-yl acetate","InChI=1S/C8H7F7O2/c1-4(17-5(2)16)3-6(9,10)7(11,12)8(13,14)15/h1,3H2,2H3",https://comptox.epa.gov/dashboard,C,NA,C=C(CC(C(C(F)(F)F)(F)F)(F)F)OC(=O)C,OKIJUKHROTUCQA-UHFFFAOYSA-N,0,0,C8H7F7O2,268.033427,0,DTXSID60895631,DTXCID701325145,136909-80-3,NA,NA
140,"4-Chloro-2-(2-chloro-4,4,5,5,6,6,7,7,8,8,9,9,10,10,11,11,11-heptadecafluoroundecyl)phenyl acetate","InChI=1S/C19H11Cl2F17O2/c1-7(39)40-11-3-2-9(20)4-8(11)5-10(21)6-12(22,23)13(24,25)14(26,27)15(28,29)16(30,31)17(32,33)18(34,35)19(36,37)38/h2-4,10H,5-6H2,1H3",https://comptox.epa.gov/dashboard,C,NA,CC(=O)Oc1ccc(cc1CC(CC(C(C(C(C(C(C(C(F)(F)F)(F)F)(F)F)(F)F)(F)F)(F)F)(F)F)(F)F)Cl)Cl,NVGMZQYQNNPDAJ-UHFFFAOYSA-N,0,0,C19H11Cl2F17O2,663.9864647,0,DTXSID80896165,DTXCID901325658,38506-76-2,NA,NA
141,"5-Chloro-2-(2-chloro-4,4,5,5,6,6,7,7,8,8,9,9,10,10,11,11,11-heptadecafluoroundecyl)phenyl acetate","InChI=1S/C19H11Cl2F17O2/c1-7(39)40-11-5-9(20)3-2-8(11)4-10(21)6-12(22,23)13(24,25)14(26,27)15(28,29)16(30,31)17(32,33)18(34,35)19(36,37)38/h2-3,5,10H,4,6H2,1H3",https://comptox.epa.gov/dashboard,C,NA,CC(=O)Oc1cc(ccc1CC(CC(C(C(C(C(C(C(C(F)(F)F)(F)F)(F)F)(F)F)(F)F)(F)F)(F)F)(F)F)Cl)Cl,ZHZVFKZCPDCNHG-UHFFFAOYSA-N,0,0,C19H11Cl2F17O2,663.9864647,0,DTXSID10896173,DTXCID101325666,38506-72-8,NA,NA
142,"3,4,6-Trichloro-2-(2-chloro-4,4,5,5,6,6,7,7,8,8,9,9,10,10,11,11,11-heptadecafluoroundecyl)phenyl acetate","InChI=1S/C19H9Cl4F17O2/c1-5(41)42-11-7(10(23)8(21)3-9(11)22)2-6(20)4-12(24,25)13(26,27)14(28,29)15(30,31)16(32,33)17(34,35)18(36,37)19(38,39)40/h3,6H,2,4H2,1H3",https://comptox.epa.gov/dashboard,C,NA,CC(=O)Oc1c(CC(CC(C(C(C(C(C(C(C(F)(F)F)(F)F)(F)F)(F)F)(F)F)(F)F)(F)F)(F)F)Cl)c(c(cc1Cl)Cl)Cl,JDRLLIHRNJZEPG-UHFFFAOYSA-N,0,0,C19H9Cl4F17O2,731.90852,0,DTXSID80896226,DTXCID701325719,38506-78-4,NA,NA
143,"2,2,3,3,4,4,4-Heptafluorobutyl acetate","InChI=1S/C6H5F7O2/c1-3(14)15-2-4(7,8)5(9,10)6(11,12)13/h2H2,1H3",https://comptox.epa.gov/dashboard,C,NA,CC(=O)OCC(C(C(F)(F)F)(F)F)(F)F,JJRRHZPKVSFERJ-UHFFFAOYSA-N,0,0,C6H5F7O2,242.0177769,0,DTXSID00895473,DTXCID501324989,356-06-9,NA,NA
144,3-(Perfluoropropyl)-2-iodopropanol acetate,"InChI=1S/C8H8F7IO2/c1-4(17)18-3-5(16)2-6(9,10)7(11,12)8(13,14)15/h5H,2-3H2,1H3",https://comptox.epa.gov/dashboard,C,NA,CC(=O)OCC(CC(C(C(F)(F)F)(F)F)(F)F)I,TYWLMXXVTNXETF-UHFFFAOYSA-N,0,0,C8H8F7IO2,395.945725,0,DTXSID00896985,DTXCID401326413,5/2/3108,NA,NA
145,"[3,4,6-triacetyloxy-5-(1,1,2,2,3,3,4,4,4-nonafluorobutylsulfonyloxy)oxan-2-yl]methyl Acetate","InChI=1S/C18H19F9O12S/c1-6(28)34-5-10-11(35-7(2)29)12(36-8(3)30)13(14(38-10)37-9(4)31)39-40(32,33)18(26,27)16(21,22)15(19,20)17(23,24)25/h10-14H,5H2,1-4H3",https://comptox.epa.gov/dashboard,C,NA,CC(=O)OCC1C(C(C(C(OC(=O)C)O1)OS(=O)(=O)C(C(C(C(F)(F)F)(F)F)(F)F)(F)F)OC(=O)C)OC(=O)C,RHEYHPACKVZWRD-UHFFFAOYSA-N,0,0,C18H19F9O12S,630.045351,0,DTXSID80401536,DTXCID20352391,480438-48-0,NA,NA
146,"1H,1H,2H,2H-Perfluorodecyl acetate","InChI=1S/C12H7F17O2/c1-4(30)31-3-2-5(13,14)6(15,16)7(17,18)8(19,20)9(21,22)10(23,24)11(25,26)12(27,28)29/h2-3H2,1H3",https://comptox.epa.gov/dashboard,C,NA,CC(=O)OCCC(C(C(C(C(C(C(C(F)(F)F)(F)F)(F)F)(F)F)(F)F)(F)F)(F)F)(F)F,CPOHLPPQNCULDC-UHFFFAOYSA-N,0,0,C12H7F17O2,506.0174592,0,DTXSID80895739,DTXCID701325252,37858-04-1,NA,NA
147,"1H,1H,2H,2H-Perfluorooctyl acetate","InChI=1S/C10H7F13O2/c1-4(24)25-3-2-5(11,12)6(13,14)7(15,16)8(17,18)9(19,20)10(21,22)23/h2-3H2,1H3",https://comptox.epa.gov/dashboard,C,NA,CC(=O)OCCC(C(C(C(C(C(F)(F)F)(F)F)(F)F)(F)F)(F)F)(F)F,RWFSINLLADOLPV-UHFFFAOYSA-N,0,0,C10H7F13O2,406.0238463,0,DTXSID20895677,DTXCID201325190,37858-03-0,NA,NA
148,"3,3,4,4,5,5,6,6,6-Nonafluorohexyl acetate","InChI=1S/C8H7F9O2/c1-4(18)19-3-2-5(9,10)6(11,12)7(13,14)8(15,16)17/h2-3H2,1H3",https://comptox.epa.gov/dashboard,C,NA,CC(=O)OCCC(C(C(C(F)(F)F)(F)F)(F)F)(F)F,WUXJRZYSKWYAEV-UHFFFAOYSA-N,0,0,C8H7F9O2,306.0302334,0,DTXSID40895598,DTXCID501325113,80705-15-3,NA,NA
149,"3,3,4,4,5,5,5-Heptafluoropentyl acetate","InChI=1S/C7H7F7O2/c1-4(15)16-3-2-5(8,9)6(10,11)7(12,13)14/h2-3H2,1H3",https://comptox.epa.gov/dashboard,C,NA,CC(=O)OCCC(C(C(F)(F)F)(F)F)(F)F,ZWEZQJCJOMYJJZ-UHFFFAOYSA-N,0,0,C7H7F7O2,256.033427,0,DTXSID20895495,DTXCID601325011,425-68-3,NA,NA
150,(Perfluorooctyl)propyl acetate,"InChI=1S/C13H9F17O2/c1-5(31)32-4-2-3-6(14,15)7(16,17)8(18,19)9(20,21)10(22,23)11(24,25)12(26,27)13(28,29)30/h2-4H2,1H3",https://comptox.epa.gov/dashboard,C,NA,CC(=O)OCCCC(C(C(C(C(C(C(C(F)(F)F)(F)F)(F)F)(F)F)(F)F)(F)F)(F)F)(F)F,SMQMUBNEBGDJAY-UHFFFAOYSA-N,0,0,C13H9F17O2,520.0331093,0,DTXSID80382073,DTXCID10333098,150225-00-6,NA,NA
151,"4,4,5,5,6,6,6-Heptafluorohexyl acetate","InChI=1S/C8H9F7O2/c1-5(16)17-4-2-3-6(9,10)7(11,12)8(13,14)15/h2-4H2,1H3",https://comptox.epa.gov/dashboard,C,NA,CC(=O)OCCCC(C(C(F)(F)F)(F)F)(F)F,ACXWRVKTAODIKP-UHFFFAOYSA-N,0,0,C8H9F7O2,270.0490771,0,DTXSID00895478,DTXCID601324994,25600-64-0,NA,NA
152,"S-[3,4,4,4-Tetrafluoro-3-(trifluoromethyl)butyl] ethanethioate","InChI=1S/C7H7F7OS/c1-4(15)16-3-2-5(8,6(9,10)11)7(12,13)14/h2-3H2,1H3",https://comptox.epa.gov/dashboard,C,NA,CC(=O)SCCC(C(F)(F)F)(C(F)(F)F)F,RRZDHOAZQMLOTR-UHFFFAOYSA-N,0,0,C7H7F7OS,272.0105834,0,DTXSID30896332,DTXCID001325825,1097631-01-0,NA,NA
153,"S-(3,3,4,4,5,5,6,6,7,7,8,8,9,9,10,10,10-Heptadecafluorodecyl) ethanethioate","InChI=1S/C12H7F17OS/c1-4(30)31-3-2-5(13,14)6(15,16)7(17,18)8(19,20)9(21,22)10(23,24)11(25,26)12(27,28)29/h2-3H2,1H3",https://comptox.epa.gov/dashboard,C,NA,CC(=O)SCCC(C(C(C(C(C(C(C(F)(F)F)(F)F)(F)F)(F)F)(F)F)(F)F)(F)F)(F)F,FCWDPZFBROQQBN-UHFFFAOYSA-N,0,0,C12H7F17OS,521.9946156,0,DTXSID30895749,DTXCID301325262,125640-21-3,NA,NA
154,"S-(3,3,4,4,5,5,6,6,7,7,8,8,8-Tridecafluorooctyl) ethanethioate","InChI=1S/C10H7F13OS/c1-4(24)25-3-2-5(11,12)6(13,14)7(15,16)8(17,18)9(19,20)10(21,22)23/h2-3H2,1H3",https://comptox.epa.gov/dashboard,C,NA,CC(=O)SCCC(C(C(C(C(C(F)(F)F)(F)F)(F)F)(F)F)(F)F)(F)F,SVEVXDYTPMSOIT-UHFFFAOYSA-N,0,0,C10H7F13OS,422.0010027,0,DTXSID60895691,DTXCID101325204,213681-67-5,NA,NA
155,"2-Bromo-3-(bromomethyl)-4,4,5,5,6,6,6-heptafluorohexan-3-ol","InChI=1S/C7H7Br2F7O/c1-3(9)4(17,2-8)5(10,11)6(12,13)7(14,15)16/h3,17H,2H2,1H3",https://comptox.epa.gov/dashboard,C,NA,CC(C(CBr)(C(C(C(F)(F)F)(F)F)(F)F)O)Br,BMHLOJFRGFOQEG-UHFFFAOYSA-N,0,0,C7H7Br2F7O,397.8751866,0,DTXSID00758594,DTXCID30709337,93339-87-8,NA,NA
156,2-Methyl-2-trifluoromethylperfluoropentane,"InChI=1S/C7H3F13/c1-2(5(12,13)14,6(15,16)17)3(8,9)4(10,11)7(18,19)20/h1H3",https://comptox.epa.gov/dashboard,C,NA,CC(C(C(C(F)(F)F)(F)F)(F)F)(C(F)(F)F)C(F)(F)F,YYCWIWYZXFOZFO-UHFFFAOYSA-N,0,0,C7H3F13,334.002717,0,DTXSID60467913,DTXCID50418732,100645-99-6,NA,NA
157,"3,3,4,4,5,5,6,6,7,7,8,8,9,9,10,10,10-Heptadecafluoro-2-methyldecanoic acid","InChI=1S/C11H5F17O2/c1-2(3(29)30)4(12,13)5(14,15)6(16,17)7(18,19)8(20,21)9(22,23)10(24,25)11(26,27)28/h2H,1H3,(H,29,30)",https://comptox.epa.gov/dashboard,C,NA,CC(C(=O)O)C(C(C(C(C(C(C(C(F)(F)F)(F)F)(F)F)(F)F)(F)F)(F)F)(F)F)(F)F,LYZCGZWGQVKVSU-UHFFFAOYSA-N,0,0,C11H5F17O2,492.0018091,0,DTXSID20895637,DTXCID501325151,136022-86-1,NA,NA
158,"1,1,1,2,2,3,3,4,4,5,5,6,6-Tridecafluoro-7-methyl-7-nitrooctane","InChI=1S/C9H6F13NO2/c1-3(2,23(24)25)4(10,11)5(12,13)6(14,15)7(16,17)8(18,19)9(20,21)22/h1-2H3",https://comptox.epa.gov/dashboard,C,NA,CC(C)(C(C(C(C(C(C(F)(F)F)(F)F)(F)F)(F)F)(F)F)(F)F)N(=O)=O,ITHGUKYRCZMXFU-UHFFFAOYSA-N,0,0,C9H6F13NO2,407.0190953,0,DTXSID90895669,DTXCID001325182,84108-41-8,NA,NA
159,"6-Amino-1,1,1,2,2,3,3-heptafluoro-7,7-dimethyloct-5-en-4-one","InChI=1S/C10H12F7NO/c1-7(2,3)5(18)4-6(19)8(11,12)9(13,14)10(15,16)17/h18H,4H2,1-3H3",https://comptox.epa.gov/dashboard,C,NA,CC(C)(C)C(=N)CC(=O)C(C(C(F)(F)F)(F)F)(F)F,HTLIQAXQGGLRLK-UHFFFAOYSA-N,0,0,C10H12F7NO,295.0807115,0,NA,NA,NA,NA,NA
160,"6,6,7,7,8,8,8-Heptafluoro-2,2-dimethyl-3,4,5-octanetrione 4-(4-nitrophenyl)hydrazone","InChI=1S/C16H14F7N3O4/c1-13(2,3)11(27)10(12(28)14(17,18)15(19,20)16(21,22)23)25-24-8-4-6-9(7-5-8)26(29)30/h4-7,10H,1-3H3",https://comptox.epa.gov/dashboard,C,NA,CC(C)(C)C(=O)C(C(=O)C(C(C(F)(F)F)(F)F)(F)F)N=Nc1ccc(cc1)N(=O)=O,KVAYICJLGQPULN-UHFFFAOYSA-N,0,0,C16H14F7N3O4,445.0872535,0,NA,NA,NA,NA,NA
161,"6,6,7,7,8,8,9,9,9-Nonafluoro-2,2-dimethylnon-4-en-3-one","InChI=1S/C11H11F9O/c1-7(2,3)6(21)4-5-8(12,13)9(14,15)10(16,17)11(18,19)20/h4-5H,1-3H3",https://comptox.epa.gov/dashboard,C,NA,CC(C)(C)C(=O)C=CC(C(C(C(F)(F)F)(F)F)(F)F)(F)F,FDLCNAFIXQUBBQ-UHFFFAOYSA-N,0,0,C11H11F9O,330.066619,0,DTXSID20761863,DTXCID50712606,105602-69-5,NA,NA
162,"1,1-Difluoro-5,5-dimethyl-1-(trifluoromethoxy)hexane-2,4-dione","InChI=1S/C9H11F5O3/c1-7(2,3)5(15)4-6(16)8(10,11)17-9(12,13)14/h4H2,1-3H3",https://comptox.epa.gov/dashboard,C,NA,CC(C)(C)C(=O)CC(=O)C(F)(F)OC(F)(F)F,MMQBZJXQJGQEHQ-UHFFFAOYSA-N,0,0,C9H11F5O3,262.0628353,0,DTXSID90509057,DTXCID70459864,61894-06-2,NA,NA
163,"1,1,1,2,2,3,3,4,4-Nonafluoro-6-iodo-7,7-dimethyloctane","InChI=1S/C10H12F9I/c1-6(2,3)5(20)4-7(11,12)8(13,14)9(15,16)10(17,18)19/h5H,4H2,1-3H3",https://comptox.epa.gov/dashboard,C,NA,CC(C)(C)C(CC(C(C(C(F)(F)F)(F)F)(F)F)(F)F)I,RZXNATDVPGMVHV-UHFFFAOYSA-N,0,0,C10H12F9I,429.9840024,0,DTXSID70895228,DTXCID401324748,1464148-69-3,NA,NA
164,"Phenol, 2,2'-[(1R,2R)-1,2-cyclohexanediylbis[(E)-nitrilomethylidyne]]bis[6-(1,1-dimethylethyl)-4-(heptadecafluorooctyl)-","InChI=1S/C44H36F34N2O2/c1-27(2,3)21-13-19(29(45,46)31(49,50)33(53,54)35(57,58)37(61,62)39(65,66)41(69,70)43(73,74)75)11-17(25(21)81)15-79-23-9-7-8-10-24(23)80-16-18-12-20(14-22(26(18)82)28(4,5)6)30(47,48)32(51,52)34(55,56)36(59,60)38(63,64)40(67,68)42(71,72)44(76,77)78/h11-16,23-24,81-82H,7-10H2,1-6H3",https://comptox.epa.gov/dashboard,C,NA,CC(C)(C)c1cc(cc(C=NC2CCCCC2N=Cc2cc(cc(c2O)C(C)(C)C)C(C(C(C(C(C(C(C(F)(F)F)(F)F)(F)F)(F)F)(F)F)(F)F)(F)F)(F)F)c1O)C(C(C(C(C(C(C(C(F)(F)F)(F)F)(F)F)(F)F)(F)F)(F)F)(F)F)(F)F,JLYAJKMTSYBUFR-UHFFFAOYSA-N,0,0,C44H36F34N2O2,1270.223388,0,NA,NA,NA,NA,NA
165,"5-(4-tert-Butylphenyl)-N-(2,2,3,3,4,4,4-heptafluorobutyl)-1,2-oxazole-3-carboxamide","InChI=1S/C18H17F7N2O2/c1-15(2,3)11-6-4-10(5-7-11)13-8-12(27-29-13)14(28)26-9-16(19,20)17(21,22)18(23,24)25/h4-8H,9H2,1-3H3,(H,26,28)",https://comptox.epa.gov/dashboard,C,NA,CC(C)(C)c1ccc(cc1)c1cc(C(=NCC(C(C(F)(F)F)(F)F)(F)F)O)no1,PXIPJQUDARNNQU-UHFFFAOYSA-N,0,0,C18H17F7N2O2,426.1178253,0,DTXSID70896275,DTXCID001325768,922421-40-7,NA,NA
166,"5-tert-Butyl-7-(heptafluoropropyl)-2-phenylpyrazolo[1,5-a]pyrimidine","InChI=1S/C19H16F7N3/c1-16(2,3)13-10-14(17(20,21)18(22,23)19(24,25)26)29-15(27-13)9-12(28-29)11-7-5-4-6-8-11/h4-10H,1-3H3",https://comptox.epa.gov/dashboard,C,NA,CC(C)(C)c1cc(C(C(C(F)(F)F)(F)F)(F)F)n2c(cc(c3ccccc3)n2)n1,RNWIQELODLHLDL-UHFFFAOYSA-N,0,0,C19H16F7N3,419.1232451,0,DTXSID60896269,DTXCID801325762,346637-99-8,NA,NA
167,"(1Z,4Z,9Z,12E)-2,10-Di-tert-butyl-4,12-bis(heptafluoropropyl)-1,5,9,13-tetraazacyclohexadeca-1,4,9,12-tetraene","InChI=1S/C26H34F14N4/c1-19(2,3)15-13-17(21(27,28)23(31,32)25(35,36)37)43-12-8-10-42-16(20(4,5)6)14-18(44-11-7-9-41-15)22(29,30)24(33,34)26(38,39)40/h7-14H2,1-6H3",https://comptox.epa.gov/dashboard,C,NA,CC(C)(C)C1=NCCCN=C(CC(=NCCCN=C(C1)C(C(C(F)(F)F)(F)F)(F)F)C(C)(C)C)C(C(C(F)(F)F)(F)F)(F)F,UYRIJNJIDYTBCG-UHFFFAOYSA-N,0,0,C26H34F14N4,668.2559922,0,DTXSID60896188,DTXCID801325681,925457-51-8,NA,NA
168,"1,1,1,2,2,3,3,4-Octafluoro-7,7-dimethyloct-4-ene","InChI=1S/C10H12F8/c1-7(2,3)5-4-6(11)8(12,13)9(14,15)10(16,17)18/h4H,5H2,1-3H3",https://comptox.epa.gov/dashboard,C,NA,CC(C)(C)CC=C(C(C(C(F)(F)F)(F)F)(F)F)F,AQGWVKJSVXSZGI-UHFFFAOYSA-N,0,0,C10H12F8,284.0811261,0,DTXSID10848036,DTXCID40798777,90292-33-4,NA,NA
169,"N-tert-Butyl-2,2,3,3,4,4,4-heptafluorobutanamide","InChI=1S/C8H10F7NO/c1-5(2,3)16-4(17)6(9,10)7(11,12)8(13,14)15/h1-3H3,(H,16,17)",https://comptox.epa.gov/dashboard,C,NA,CC(C)(C)N=C(C(C(C(F)(F)F)(F)F)(F)F)O,SUHRXMXSRDLXIL-UHFFFAOYSA-N,0,0,C8H10F7NO,269.0650615,0,DTXSID60895919,DTXCID701325414,99089-22-2,NA,NA
170,tert-Butyl heptafluorobutanoate,"InChI=1S/C8H9F7O2/c1-5(2,3)17-4(16)6(9,10)7(11,12)8(13,14)15/h1-3H3",https://comptox.epa.gov/dashboard,C,NA,CC(C)(C)OC(=O)C(C(C(F)(F)F)(F)F)(F)F,JPVACFHILHDRGX-UHFFFAOYSA-N,0,0,C8H9F7O2,270.0490771,0,DTXSID40895593,DTXCID401325108,425-24-1,NA,NA
171,"tert-Butyl (4,4,5,5,6,6,7,7,7-nonafluoro-2-iodoheptyl)carbamate","InChI=1S/C12H15F9INO2/c1-8(2,3)25-7(24)23-5-6(22)4-9(13,14)10(15,16)11(17,18)12(19,20)21/h6H,4-5H2,1-3H3,(H,23,24)",https://comptox.epa.gov/dashboard,C,NA,CC(C)(C)OC(=NCC(CC(C(C(C(F)(F)F)(F)F)(F)F)(F)F)I)O,FAXXTHFQCHDQLQ-UHFFFAOYSA-N,0,0,C12H15F9INO2,503.0003807,0,DTXSID20896088,DTXCID301325581,1301739-79-6,NA,NA
172,tert-Butyl heptafluorobutaneperoxoate,"InChI=1S/C8H9F7O3/c1-5(2,3)18-17-4(16)6(9,10)7(11,12)8(13,14)15/h1-3H3",https://comptox.epa.gov/dashboard,C,NA,CC(C)(C)OOC(=O)C(C(C(F)(F)F)(F)F)(F)F,IEIUNVABWRASPD-UHFFFAOYSA-N,0,0,C8H9F7O3,286.0439917,0,DTXSID10757210,DTXCID30707954,91481-65-1,NA,NA
173,"1,1,1,2,2,3,3,4-Octafluoro-7-methyl-7-nitrooct-4-ene","InChI=1S/C9H9F8NO2/c1-6(2,18(19)20)4-3-5(10)7(11,12)8(13,14)9(15,16)17/h3H,4H2,1-2H3",https://comptox.epa.gov/dashboard,C,NA,CC(C)(CC=C(C(C(C(F)(F)F)(F)F)(F)F)F)N(=O)=O,OWTPDHDNFWAJET-UHFFFAOYSA-N,0,0,C9H9F8NO2,315.0505543,0,DTXSID30848038,DTXCID60798779,90292-31-2,NA,NA
174,(2-Perfluorooctylethyl)isopropoxycarbonyloxyiminophenylacetonitrile,"InChI=1S/C22H15F17N2O3/c1-14(2,43-13(42)44-41-12(10-40)11-6-4-3-5-7-11)8-9-15(23,24)16(25,26)17(27,28)18(29,30)19(31,32)20(33,34)21(35,36)22(37,38)39/h3-7H,8-9H2,1-2H3",https://comptox.epa.gov/dashboard,C,NA,CC(C)(CCC(C(C(C(C(C(C(C(F)(F)F)(F)F)(F)F)(F)F)(F)F)(F)F)(F)F)(F)F)OC(=O)ON=C(C#N)c1ccccc1,NFEFLNJWJYPWIZ-UHFFFAOYSA-N,0,0,C22H15F17N2O3,678.0811221,0,DTXSID00698325,DTXCID00649074,350716-42-6,NA,NA
175,"N-(2,2,3,3,4,4,4-Heptafluorobutanoyl)-2-methylalanine","InChI=1S/C8H8F7NO3/c1-5(2,4(18)19)16-3(17)6(9,10)7(11,12)8(13,14)15/h1-2H3,(H,16,17)(H,18,19)",https://comptox.epa.gov/dashboard,C,NA,CC(C)(C(=O)O)N=C(C(C(C(F)(F)F)(F)F)(F)F)O,GLLTUKTVAHGIDJ-UHFFFAOYSA-N,0,0,C8H8F7NO3,299.0392407,0,DTXSID40826029,DTXCID80776771,880353-20-8,NA,NA
176,"5,5,6,6,7,7,8,8,8-Nonafluoro-2-methyloct-3-yn-2-ol","InChI=1S/C9H7F9O/c1-5(2,19)3-4-6(10,11)7(12,13)8(14,15)9(16,17)18/h19H,1-2H3",https://comptox.epa.gov/dashboard,C,NA,CC(C)(C#CC(C(C(C(F)(F)F)(F)F)(F)F)(F)F)O,WITWPGGAZCIZSI-UHFFFAOYSA-N,0,0,C9H7F9O,302.0353188,0,DTXSID30535037,DTXCID30485826,82721-68-4,NA,NA
177,"3,3,4,4,5,5,6,6,7,7,8,8,9,9,9-Pentadecafluoro-2-methylnonan-2-ol","InChI=1S/C10H7F15O/c1-3(2,26)4(11,12)5(13,14)6(15,16)7(17,18)8(19,20)9(21,22)10(23,24)25/h26H,1-2H3",https://comptox.epa.gov/dashboard,C,NA,CC(C)(C(C(C(C(C(C(C(F)(F)F)(F)F)(F)F)(F)F)(F)F)(F)F)(F)F)O,BZJOFKMJAVMVQL-UHFFFAOYSA-N,0,0,C10H7F15O,428.0257381,0,DTXSID60524434,DTXCID00475239,92914-88-0,NA,NA
178,2-Perfluoropropyl-2-propanol,"InChI=1S/C6H7F7O/c1-3(2,14)4(7,8)5(9,10)6(11,12)13/h14H,1-2H3",https://comptox.epa.gov/dashboard,C,NA,CC(C)(C(C(C(F)(F)F)(F)F)(F)F)O,CZPWXOSMOFCBOR-UHFFFAOYSA-N,0,0,C6H7F7O,228.0385124,0,DTXSID20337244,DTXCID10288332,355-22-6,NA,NA
179,"5,5,6,6,7,7,8,8,9,9,10,10,11,11,12,12,12-Heptadecafluoro-2-methyldodecan-2-ol","InChI=1S/C13H11F17O/c1-5(2,31)3-4-6(14,15)7(16,17)8(18,19)9(20,21)10(22,23)11(24,25)12(26,27)13(28,29)30/h31H,3-4H2,1-2H3",https://comptox.epa.gov/dashboard,C,NA,CC(C)(CCC(C(C(C(C(C(C(C(F)(F)F)(F)F)(F)F)(F)F)(F)F)(F)F)(F)F)(F)F)O,VDLOMMAXELCHDN-UHFFFAOYSA-N,0,0,C13H11F17O,506.0538447,0,DTXSID70382067,DTXCID50333092,141183-94-0,NA,NA
180,"5,5,6,6,7,7,8,8,9,9,10,10,10-Tridecafluoro-2-methyldecan-2-ol","InChI=1S/C11H11F13O/c1-5(2,25)3-4-6(12,13)7(14,15)8(16,17)9(18,19)10(20,21)11(22,23)24/h25H,3-4H2,1-2H3",https://comptox.epa.gov/dashboard,C,NA,CC(C)(CCC(C(C(C(C(C(F)(F)F)(F)F)(F)F)(F)F)(F)F)(F)F)O,JFTPFVPCFXEYSQ-UHFFFAOYSA-N,0,0,C11H11F13O,406.0602318,0,DTXSID30895441,DTXCID301324957,159142-65-1,NA,NA
181,"5,5,6,6,7,7,8,8,8-Nonafluoro-2-methyloctan-2-ol","InChI=1S/C9H11F9O/c1-5(2,19)3-4-6(10,11)7(12,13)8(14,15)9(16,17)18/h19H,3-4H2,1-2H3",https://comptox.epa.gov/dashboard,C,NA,CC(C)(CCC(C(C(C(F)(F)F)(F)F)(F)F)(F)F)O,RQVWCCCEFXMBKB-UHFFFAOYSA-N,0,0,C9H11F9O,306.066619,0,DTXSID40895275,DTXCID601324794,269394-08-3,NA,NA
182,6-(1-Methylethylidene)-5-(triphenylphosphoranylidene)-(perfluoro)-nonan-4-one,"InChI=1S/C30H21F14OP/c1-18(2)22(25(31,32)27(35,36)29(39,40)41)23(24(45)26(33,34)28(37,38)30(42,43)44)46(19-12-6-3-7-13-19,20-14-8-4-9-15-20)21-16-10-5-11-17-21/h3-17H,1-2H3",https://comptox.epa.gov/dashboard,C,NA,CC(=C(C(=P(c1ccccc1)(c1ccccc1)c1ccccc1)C(=O)C(C(C(F)(F)F)(F)F)(F)F)C(C(C(F)(F)F)(F)F)(F)F)C,ILHSDNSKBVJICM-UHFFFAOYSA-N,0,0,C30H21F14OP,694.110647,0,DTXSID20897459,DTXCID701326800,139225-92-6,NA,NA
183,"7,7,8,8,9,9,9-Heptafluoro-2-methylnon-2-ene-4,6-dione","InChI=1S/C10H9F7O2/c1-5(2)3-6(18)4-7(19)8(11,12)9(13,14)10(15,16)17/h3H,4H2,1-2H3",https://comptox.epa.gov/dashboard,C,NA,CC(=CC(=O)CC(=O)C(C(C(F)(F)F)(F)F)(F)F)C,NOQZTHSTUPFMOL-UHFFFAOYSA-N,0,0,C10H9F7O2,294.0490771,0,DTXSID80285777,DTXCID00236928,559-99-9,NA,NA
184,"5,6,6,7,7,8,8,8-Octafluoro-2-methylocta-2,4-diene","InChI=1S/C9H8F8/c1-5(2)3-4-6(10)7(11,12)8(13,14)9(15,16)17/h3-4H,1-2H3",https://comptox.epa.gov/dashboard,C,NA,CC(=CC=C(C(C(C(F)(F)F)(F)F)(F)F)F)C,ZSBHSCZBWXUBAW-UHFFFAOYSA-N,0,0,C9H8F8,268.049826,0,DTXSID00848040,DTXCID30798781,90292-28-7,NA,NA
185,"5,5,6,6,7,7,8,8,8-Nonafluoro-2-methyloct-2-ene","InChI=1S/C9H9F9/c1-5(2)3-4-6(10,11)7(12,13)8(14,15)9(16,17)18/h3H,4H2,1-2H3",https://comptox.epa.gov/dashboard,C,NA,CC(=CCC(C(C(C(F)(F)F)(F)F)(F)F)(F)F)C,GBTVYCBTXQALCR-UHFFFAOYSA-N,0,0,C9H9F9,288.0560543,0,DTXSID00760218,DTXCID10710961,97294-02-5,NA,NA
186,2-Methylprop-1-en-1-yl nonafluorobutane-1-sulfonate,"InChI=1S/C8H7F9O3S/c1-4(2)3-20-21(18,19)8(16,17)6(11,12)5(9,10)7(13,14)15/h3H,1-2H3",https://comptox.epa.gov/dashboard,C,NA,CC(=COS(=O)(=O)C(C(C(C(F)(F)F)(F)F)(F)F)(F)F)C,YXLCUSYNDAFUJJ-UHFFFAOYSA-N,0,0,C8H7F9O3S,353.9972191,0,DTXSID20895930,DTXCID001325425,84224-48-6,NA,NA
187,"1,1,1,2-Tetrafluoro-4-methyl-2-(trifluoromethyl)pentan-3-one","InChI=1S/C7H7F7O/c1-3(2)4(15)5(8,6(9,10)11)7(12,13)14/h3H,1-2H3",https://comptox.epa.gov/dashboard,C,NA,CC(C)C(=O)C(C(F)(F)F)(C(F)(F)F)F,ANKPHPVKEKGBFK-UHFFFAOYSA-N,0,0,C7H7F7O,240.0385124,0,DTXSID00508475,DTXCID10459282,62656-72-8,NA,NA
188,"6,6,7,7,8,8,8-Heptafluoro-2-methylocta-3,5-dione","InChI=1S/C9H9F7O2/c1-4(2)5(17)3-6(18)7(10,11)8(12,13)9(14,15)16/h4H,3H2,1-2H3",https://comptox.epa.gov/dashboard,C,NA,CC(C)C(=O)CC(=O)C(C(C(F)(F)F)(F)F)(F)F,SRYIDYXKUUXFNI-UHFFFAOYSA-N,0,0,C9H9F7O2,282.0490771,0,DTXSID60193068,DTXCID70115559,40002-62-8,NA,NA
189,"3,3,4,4,5,5,6,6,7,7,8,8,8-tridecafluorooctyl 2-methylpropanoate","InChI=1S/C12H11F13O2/c1-5(2)6(26)27-4-3-7(13,14)8(15,16)9(17,18)10(19,20)11(21,22)12(23,24)25/h5H,3-4H2,1-2H3",https://comptox.epa.gov/dashboard,C,NA,CC(C)C(=O)OCCC(C(C(C(C(C(F)(F)F)(F)F)(F)F)(F)F)(F)F)(F)F,VEAHUEAEPJJBDN-UHFFFAOYSA-N,0,0,C12H11F13O2,434.0551465,0,DTXSID00379980,DTXCID80331006,242812-05-1,NA,NA
190,"N-[(2S)-2-Amino-3-methylbutyl]-1,1,2,2,3,3,4,4,4-nonafluorobutane-1-sulfonamide","InChI=1S/C9H13F9N2O2S/c1-4(2)5(19)3-20-23(21,22)9(17,18)7(12,13)6(10,11)8(14,15)16/h4-5,20H,3,19H2,1-2H3",https://comptox.epa.gov/dashboard,C,NA,CC(C)C(CNS(=O)(=O)C(C(C(C(F)(F)F)(F)F)(F)F)(F)F)N,LCROMADRNFAIKT-UHFFFAOYSA-N,0,0,C9H13F9N2O2S,384.0554026,0,NA,NA,NA,NA,NA
191,"3,3,4,4,5,5,6,6,6-Nonafluorohexyl 2,2-difluoro-3-hydroxy-4-methylpentanoate","InChI=1S/C12H13F11O3/c1-5(2)6(24)9(15,16)7(25)26-4-3-8(13,14)10(17,18)11(19,20)12(21,22)23/h5-6,24H,3-4H2,1-2H3",https://comptox.epa.gov/dashboard,C,NA,CC(C)C(C(C(=O)OCCC(C(C(C(F)(F)F)(F)F)(F)F)(F)F)(F)F)O,BFMMVADDYVCWBU-UHFFFAOYSA-N,0,0,C12H13F11O3,414.0689047,0,DTXSID70895940,DTXCID601325435,1370345-78-0,NA,NA
192,"(4S,5R)-4-(Propan-2-yl)-5-(3,3,4,4,5,5,6,6,7,7,8,8,8-tridecafluorooctyl)-1,3-oxazolidin-2-one","InChI=1S/C14H14F13NO2/c1-5(2)7-6(30-8(29)28-7)3-4-9(15,16)10(17,18)11(19,20)12(21,22)13(23,24)14(25,26)27/h5-7H,3-4H2,1-2H3,(H,28,29)",https://comptox.epa.gov/dashboard,C,NA,CC(C)C1C(CCC(C(C(C(C(C(F)(F)F)(F)F)(F)F)(F)F)(F)F)(F)F)OC(=N1)O,KIONFYCZIQVYKJ-UHFFFAOYSA-N,0,0,C14H14F13NO2,475.0816955,0,NA,NA,NA,NA,NA
193,"1-(1,3-Dimethylbutoxy)-2-(perfluorohexyl)ethane","InChI=1S/C14H17F13O/c1-7(2)6-8(3)28-5-4-9(15,16)10(17,18)11(19,20)12(21,22)13(23,24)14(25,26)27/h7-8H,4-6H2,1-3H3",https://comptox.epa.gov/dashboard,C,NA,CC(C)CC(C)OCCC(C(C(C(C(C(F)(F)F)(F)F)(F)F)(F)F)(F)F)(F)F,REMSMUILZZYKPD-UHFFFAOYSA-N,0,0,C14H17F13O,448.107182,0,DTXSID30893366,DTXCID001323348,210896-25-6,NA,NA
194,"(3ÃŽÂ²,5ÃŽÂ±)-Cholestan-3-ol 2,3,3,4,4,5,5,6,6,7,7,8,8,8-tetradecafluorooctanoate","InChI=1S/C35H48F14O2/c1-18(2)7-6-8-19(3)23-11-12-24-22-10-9-20-17-21(13-15-28(20,4)25(22)14-16-29(23,24)5)51-27(50)26(36)30(37,38)31(39,40)32(41,42)33(43,44)34(45,46)35(47,48)49/h18-26H,6-17H2,1-5H3",https://comptox.epa.gov/dashboard,C,NA,CC(C)CCCC(C)C1CCC2C3CCC4CC(CCC4(C)C3CCC12C)OC(=O)C(C(C(C(C(C(C(F)(F)F)(F)F)(F)F)(F)F)(F)F)(F)F)F,QYBUWJRMHQVYLH-UHFFFAOYSA-N,0,0,C35H48F14O2,766.3430759,0,NA,NA,NA,NA,NA
195,3-Methylbutyl heptadecafluorononanoate,"InChI=1S/C14H11F17O2/c1-5(2)3-4-33-6(32)7(15,16)8(17,18)9(19,20)10(21,22)11(23,24)12(25,26)13(27,28)14(29,30)31/h5H,3-4H2,1-2H3",https://comptox.epa.gov/dashboard,C,NA,CC(C)CCOC(=O)C(C(C(C(C(C(C(C(F)(F)F)(F)F)(F)F)(F)F)(F)F)(F)F)(F)F)(F)F,AFQCXIHNDWCQHP-UHFFFAOYSA-N,0,0,C14H11F17O2,534.0487593,0,DTXSID40895937,DTXCID501325432,117374-32-0,NA,NA
196,"3-Methylbutyl 2,3,3,3-tetrafluoro-2-(heptafluoropropoxy)propanoate","InChI=1S/C11H11F11O3/c1-5(2)3-4-24-6(23)7(12,9(15,16)17)25-11(21,22)8(13,14)10(18,19)20/h5H,3-4H2,1-2H3",https://comptox.epa.gov/dashboard,C,NA,CC(C)CCOC(=O)C(C(F)(F)F)(F)OC(C(C(F)(F)F)(F)F)(F)F,AXCQVYBSRFQQRB-UHFFFAOYSA-N,0,0,C11H11F11O3,400.0532546,0,DTXSID90896510,DTXCID101326002,183873-56-5,NA,NA
197,"Diisopentyl 2-[(2,2,3,3,4,4,4-heptafluorobutanoyl)amino]succinate","InChI=1S/C18H26F7NO5/c1-10(2)5-7-30-13(27)9-12(14(28)31-8-6-11(3)4)26-15(29)16(19,20)17(21,22)18(23,24)25/h10-12H,5-9H2,1-4H3,(H,26,29)",https://comptox.epa.gov/dashboard,C,NA,CC(C)CCOC(=O)CC(C(=O)OCCC(C)C)N=C(C(C(C(F)(F)F)(F)F)(F)F)O,VIFUJIXWSIVXKN-UHFFFAOYSA-N,0,0,C18H26F7NO5,469.1699205,0,DTXSID00338835,DTXCID40289918,75743-06-5,NA,NA
198,"2,2,3,3,4,4,4-Heptafluoro-N,N-bis(2-methylpropyl)butanamide","InChI=1S/C12H18F7NO/c1-7(2)5-20(6-8(3)4)9(21)10(13,14)11(15,16)12(17,18)19/h7-8H,5-6H2,1-4H3",https://comptox.epa.gov/dashboard,C,NA,CC(C)CN(CC(C)C)C(=O)C(C(C(F)(F)F)(F)F)(F)F,NDFMNNOBKSRVCH-UHFFFAOYSA-N,0,0,C12H18F7NO,325.1276617,0,DTXSID00895751,DTXCID701325264,336-30-1,NA,NA
199,"2,2,3,3,4,4,4-Heptafluoro-N-(2-methylpropyl)butanamide","InChI=1S/C8H10F7NO/c1-4(2)3-16-5(17)6(9,10)7(11,12)8(13,14)15/h4H,3H2,1-2H3,(H,16,17)",https://comptox.epa.gov/dashboard,C,NA,CC(C)CN=C(C(C(C(F)(F)F)(F)F)(F)F)O,HWSOCRJXRIBNPB-UHFFFAOYSA-N,0,0,C8H10F7NO,269.0650615,0,DTXSID30895744,DTXCID201325257,75668-25-6,NA,NA
200,"Tris(2-methylpropyl) 3-(2,2,3,3,4,4,4-heptafluorobutanamido)propane-1,1,3-tricarboxylate","InChI=1S/C22H32F7NO7/c1-11(2)8-35-16(31)14(17(32)36-9-12(3)4)7-15(18(33)37-10-13(5)6)30-19(34)20(23,24)21(25,26)22(27,28)29/h11-15H,7-10H2,1-6H3,(H,30,34)",https://comptox.epa.gov/dashboard,C,NA,CC(C)COC(=O)C(CC(C(=O)OCC(C)C)N=C(C(C(C(F)(F)F)(F)F)(F)F)O)C(=O)OCC(C)C,FWAHHXBYEZUSRR-UHFFFAOYSA-N,0,0,C22H32F7NO7,555.2066999,0,DTXSID50896238,DTXCID301325731,95654-14-1,NA,NA
